station_id,timestamp,parking_count,hour,day_of_week,is_weekend
ST-1013,2025-12-26T08:10:07.479981,4,8,4,0
ST-1013,2025-12-26T08:16:06.582372,4,8,4,0
ST-1013,2025-12-26T08:16:36.862835,4,8,4,0
ST-1013,2025-12-26T08:17:07.037697,4,8,4,0
ST-1013,2025-12-26T08:17:37.291706,4,8,4,0
ST-1013,2025-12-26T08:18:07.534267,4,8,4,0
ST-1013,2025-12-26T08:18:37.714962,4,8,4,0
ST-1013,2025-12-26T08:19:07.932415,4,8,4,0
ST-1013,2025-12-26T08:19:38.171676,4,8,4,0
ST-1013,2025-12-26T08:20:08.426768,4,8,4,0
ST-1015,2025-12-26T08:10:07.479982,2,8,4,0
ST-1015,2025-12-26T08:16:06.582373,2,8,4,0
ST-1015,2025-12-26T08:16:36.862836,2,8,4,0
ST-1015,2025-12-26T08:17:07.037698,2,8,4,0
ST-1015,2025-12-26T08:17:37.291707,2,8,4,0
ST-1015,2025-12-26T08:18:07.534268,2,8,4,0
ST-1015,2025-12-26T08:18:37.714963,2,8,4,0
ST-1015,2025-12-26T08:19:07.932416,2,8,4,0
ST-1015,2025-12-26T08:19:38.171678,2,8,4,0
ST-1015,2025-12-26T08:20:08.426770,2,8,4,0
ST-1032,2025-12-26T08:10:07.480031,2,8,4,0
ST-1032,2025-12-26T08:16:06.582440,2,8,4,0
ST-1032,2025-12-26T08:16:36.862885,2,8,4,0
ST-1032,2025-12-26T08:17:07.037750,2,8,4,0
ST-1032,2025-12-26T08:17:37.291750,2,8,4,0
ST-1032,2025-12-26T08:18:07.534319,2,8,4,0
ST-1032,2025-12-26T08:18:37.715011,2,8,4,0
ST-1032,2025-12-26T08:19:07.932466,2,8,4,0
ST-1032,2025-12-26T08:19:38.171772,2,8,4,0
ST-1032,2025-12-26T08:20:08.426824,2,8,4,0
ST-1034,2025-12-26T08:10:07.480032,11,8,4,0
ST-1034,2025-12-26T08:16:06.582441,11,8,4,0
ST-1034,2025-12-26T08:16:36.862886,11,8,4,0
ST-1034,2025-12-26T08:17:07.037766,11,8,4,0
ST-1034,2025-12-26T08:17:37.291751,11,8,4,0
ST-1034,2025-12-26T08:18:07.534320,11,8,4,0
ST-1034,2025-12-26T08:18:37.715012,11,8,4,0
ST-1034,2025-12-26T08:19:07.932467,11,8,4,0
ST-1034,2025-12-26T08:19:38.171840,11,8,4,0
ST-1034,2025-12-26T08:20:08.426825,11,8,4,0
ST-1035,2025-12-26T08:10:07.480034,23,8,4,0
ST-1035,2025-12-26T08:16:06.582442,23,8,4,0
ST-1035,2025-12-26T08:16:36.862888,23,8,4,0
ST-1035,2025-12-26T08:17:07.037768,23,8,4,0
ST-1035,2025-12-26T08:17:37.291752,23,8,4,0
ST-1035,2025-12-26T08:18:07.534322,23,8,4,0
ST-1035,2025-12-26T08:18:37.715013,23,8,4,0
ST-1035,2025-12-26T08:19:07.932468,23,8,4,0
ST-1035,2025-12-26T08:19:38.171846,23,8,4,0
ST-1035,2025-12-26T08:20:08.426826,23,8,4,0
ST-1036,2025-12-26T08:10:07.480035,12,8,4,0
ST-1036,2025-12-26T08:16:06.582444,12,8,4,0
ST-1036,2025-12-26T08:16:36.862890,12,8,4,0
ST-1036,2025-12-26T08:17:07.037770,12,8,4,0
ST-1036,2025-12-26T08:17:37.291753,12,8,4,0
ST-1036,2025-12-26T08:18:07.534323,12,8,4,0
ST-1036,2025-12-26T08:18:37.715014,12,8,4,0
ST-1036,2025-12-26T08:19:07.932470,12,8,4,0
ST-1036,2025-12-26T08:19:38.171849,12,8,4,0
ST-1036,2025-12-26T08:20:08.426827,12,8,4,0
ST-1061,2025-12-26T08:10:07.480048,27,8,4,0
ST-1061,2025-12-26T08:16:06.582458,29,8,4,0
ST-1061,2025-12-26T08:16:36.862902,29,8,4,0
ST-1061,2025-12-26T08:17:07.037783,29,8,4,0
ST-1061,2025-12-26T08:17:37.291764,29,8,4,0
ST-1061,2025-12-26T08:18:07.534337,29,8,4,0
ST-1061,2025-12-26T08:18:37.715027,29,8,4,0
ST-1061,2025-12-26T08:19:07.932482,29,8,4,0
ST-1061,2025-12-26T08:19:38.171877,29,8,4,0
ST-1061,2025-12-26T08:20:08.426840,29,8,4,0
ST-1062,2025-12-26T08:10:07.480069,7,8,4,0
ST-1062,2025-12-26T08:16:06.582478,6,8,4,0
ST-1062,2025-12-26T08:16:36.862975,6,8,4,0
ST-1062,2025-12-26T08:17:07.037806,6,8,4,0
ST-1062,2025-12-26T08:17:37.291784,6,8,4,0
ST-1062,2025-12-26T08:18:07.534361,6,8,4,0
ST-1062,2025-12-26T08:18:37.715050,6,8,4,0
ST-1062,2025-12-26T08:19:07.932505,6,8,4,0
ST-1062,2025-12-26T08:19:38.171925,6,8,4,0
ST-1062,2025-12-26T08:20:08.426863,6,8,4,0
ST-1063,2025-12-26T08:10:07.480070,61,8,4,0
ST-1063,2025-12-26T08:16:06.582480,59,8,4,0
ST-1063,2025-12-26T08:16:36.862976,59,8,4,0
ST-1063,2025-12-26T08:17:07.037807,59,8,4,0
ST-1063,2025-12-26T08:17:37.291785,59,8,4,0
ST-1063,2025-12-26T08:18:07.534362,59,8,4,0
ST-1063,2025-12-26T08:18:37.715051,59,8,4,0
ST-1063,2025-12-26T08:19:07.932506,59,8,4,0
ST-1063,2025-12-26T08:19:38.171927,59,8,4,0
ST-1063,2025-12-26T08:20:08.426864,59,8,4,0
ST-1064,2025-12-26T08:10:07.480071,39,8,4,0
ST-1064,2025-12-26T08:16:06.582481,39,8,4,0
ST-1064,2025-12-26T08:16:36.862977,39,8,4,0
ST-1064,2025-12-26T08:17:07.037808,39,8,4,0
ST-1064,2025-12-26T08:17:37.291786,39,8,4,0
ST-1064,2025-12-26T08:18:07.534363,39,8,4,0
ST-1064,2025-12-26T08:18:37.715052,39,8,4,0
ST-1064,2025-12-26T08:19:07.932507,39,8,4,0
ST-1064,2025-12-26T08:19:38.171930,39,8,4,0
ST-1064,2025-12-26T08:20:08.426865,39,8,4,0
ST-1065,2025-12-26T08:10:07.480072,37,8,4,0
ST-1065,2025-12-26T08:16:06.582483,37,8,4,0
ST-1065,2025-12-26T08:16:36.862978,37,8,4,0
ST-1065,2025-12-26T08:17:07.037809,37,8,4,0
ST-1065,2025-12-26T08:17:37.291787,37,8,4,0
ST-1065,2025-12-26T08:18:07.534364,37,8,4,0
ST-1065,2025-12-26T08:18:37.715053,38,8,4,0
ST-1065,2025-12-26T08:19:07.932508,38,8,4,0
ST-1065,2025-12-26T08:19:38.171932,38,8,4,0
ST-1065,2025-12-26T08:20:08.426866,38,8,4,0
ST-1070,2025-12-26T08:10:07.480101,11,8,4,0
ST-1070,2025-12-26T08:16:06.582514,11,8,4,0
ST-1070,2025-12-26T08:16:36.863011,11,8,4,0
ST-1070,2025-12-26T08:17:07.037837,11,8,4,0
ST-1070,2025-12-26T08:17:37.291813,11,8,4,0
ST-1070,2025-12-26T08:18:07.534396,11,8,4,0
ST-1070,2025-12-26T08:18:37.715084,11,8,4,0
ST-1070,2025-12-26T08:19:07.932538,11,8,4,0
ST-1070,2025-12-26T08:19:38.171992,11,8,4,0
ST-1070,2025-12-26T08:20:08.426898,11,8,4,0
ST-1072,2025-12-26T08:10:07.480102,0,8,4,0
ST-1072,2025-12-26T08:16:06.582515,0,8,4,0
ST-1072,2025-12-26T08:16:36.863012,0,8,4,0
ST-1072,2025-12-26T08:17:07.037838,0,8,4,0
ST-1072,2025-12-26T08:17:37.291814,0,8,4,0
ST-1072,2025-12-26T08:18:07.534397,0,8,4,0
ST-1072,2025-12-26T08:18:37.715085,0,8,4,0
ST-1072,2025-12-26T08:19:07.932539,0,8,4,0
ST-1072,2025-12-26T08:19:38.171995,0,8,4,0
ST-1072,2025-12-26T08:20:08.426900,0,8,4,0
ST-1078,2025-12-26T08:10:07.480103,22,8,4,0
ST-1078,2025-12-26T08:16:06.582516,22,8,4,0
ST-1078,2025-12-26T08:16:36.863013,22,8,4,0
ST-1078,2025-12-26T08:17:07.037839,22,8,4,0
ST-1078,2025-12-26T08:17:37.291815,22,8,4,0
ST-1078,2025-12-26T08:18:07.534398,22,8,4,0
ST-1078,2025-12-26T08:18:37.715087,22,8,4,0
ST-1078,2025-12-26T08:19:07.932540,22,8,4,0
ST-1078,2025-12-26T08:19:38.171997,22,8,4,0
ST-1078,2025-12-26T08:20:08.426901,22,8,4,0
ST-108,2025-12-26T08:10:07.479937,60,8,4,0
ST-108,2025-12-26T08:16:06.582328,60,8,4,0
ST-108,2025-12-26T08:16:36.862786,60,8,4,0
ST-108,2025-12-26T08:17:07.037652,60,8,4,0
ST-108,2025-12-26T08:17:37.291667,60,8,4,0
ST-108,2025-12-26T08:18:07.534219,60,8,4,0
ST-108,2025-12-26T08:18:37.714916,60,8,4,0
ST-108,2025-12-26T08:19:07.932369,60,8,4,0
ST-108,2025-12-26T08:19:38.171586,60,8,4,0
ST-108,2025-12-26T08:20:08.426721,60,8,4,0
ST-1083,2025-12-26T08:10:07.480104,18,8,4,0
ST-1083,2025-12-26T08:16:06.582518,18,8,4,0
ST-1083,2025-12-26T08:16:36.863014,18,8,4,0
ST-1083,2025-12-26T08:17:07.037840,18,8,4,0
ST-1083,2025-12-26T08:17:37.291816,18,8,4,0
ST-1083,2025-12-26T08:18:07.534400,18,8,4,0
ST-1083,2025-12-26T08:18:37.715088,18,8,4,0
ST-1083,2025-12-26T08:19:07.932541,18,8,4,0
ST-1083,2025-12-26T08:19:38.172000,18,8,4,0
ST-1083,2025-12-26T08:20:08.426903,18,8,4,0
ST-1087,2025-12-26T08:10:07.480106,6,8,4,0
ST-1087,2025-12-26T08:16:06.582519,6,8,4,0
ST-1087,2025-12-26T08:16:36.863016,6,8,4,0
ST-1087,2025-12-26T08:17:07.037841,6,8,4,0
ST-1087,2025-12-26T08:17:37.291817,6,8,4,0
ST-1087,2025-12-26T08:18:07.534401,6,8,4,0
ST-1087,2025-12-26T08:18:37.715089,6,8,4,0
ST-1087,2025-12-26T08:19:07.932542,6,8,4,0
ST-1087,2025-12-26T08:19:38.172003,6,8,4,0
ST-1087,2025-12-26T08:20:08.426904,6,8,4,0
ST-109,2025-12-26T08:10:07.479939,7,8,4,0
ST-109,2025-12-26T08:16:06.582330,6,8,4,0
ST-109,2025-12-26T08:16:36.862787,6,8,4,0
ST-109,2025-12-26T08:17:07.037653,6,8,4,0
ST-109,2025-12-26T08:17:37.291668,6,8,4,0
ST-109,2025-12-26T08:18:07.534221,6,8,4,0
ST-109,2025-12-26T08:18:37.714917,6,8,4,0
ST-109,2025-12-26T08:19:07.932370,6,8,4,0
ST-109,2025-12-26T08:19:38.171588,6,8,4,0
ST-109,2025-12-26T08:20:08.426723,6,8,4,0
ST-1098,2025-12-26T08:10:07.480138,21,8,4,0
ST-1098,2025-12-26T08:16:06.582553,22,8,4,0
ST-1098,2025-12-26T08:16:36.863052,22,8,4,0
ST-1098,2025-12-26T08:17:07.037873,22,8,4,0
ST-1098,2025-12-26T08:17:37.291852,22,8,4,0
ST-1098,2025-12-26T08:18:07.534437,22,8,4,0
ST-1098,2025-12-26T08:18:37.715125,22,8,4,0
ST-1098,2025-12-26T08:19:07.932577,22,8,4,0
ST-1098,2025-12-26T08:19:38.172078,22,8,4,0
ST-1098,2025-12-26T08:20:08.426938,22,8,4,0
ST-111,2025-12-26T08:10:07.479940,4,8,4,0
ST-111,2025-12-26T08:16:06.582331,4,8,4,0
ST-111,2025-12-26T08:16:36.862788,4,8,4,0
ST-111,2025-12-26T08:17:07.037654,4,8,4,0
ST-111,2025-12-26T08:17:37.291669,4,8,4,0
ST-111,2025-12-26T08:18:07.534222,4,8,4,0
ST-111,2025-12-26T08:18:37.714918,4,8,4,0
ST-111,2025-12-26T08:19:07.932371,4,8,4,0
ST-111,2025-12-26T08:19:38.171591,4,8,4,0
ST-111,2025-12-26T08:20:08.426724,4,8,4,0
ST-117,2025-12-26T08:10:07.479877,18,8,4,0
ST-117,2025-12-26T08:16:06.582260,18,8,4,0
ST-117,2025-12-26T08:16:36.862711,18,8,4,0
ST-117,2025-12-26T08:17:07.037594,18,8,4,0
ST-117,2025-12-26T08:17:37.291609,18,8,4,0
ST-117,2025-12-26T08:18:07.534139,18,8,4,0
ST-117,2025-12-26T08:18:37.714799,18,8,4,0
ST-117,2025-12-26T08:19:07.932301,18,8,4,0
ST-117,2025-12-26T08:19:38.171463,18,8,4,0
ST-117,2025-12-26T08:20:08.426654,18,8,4,0
ST-118,2025-12-26T08:10:07.479878,4,8,4,0
ST-118,2025-12-26T08:16:06.582261,4,8,4,0
ST-118,2025-12-26T08:16:36.862712,5,8,4,0
ST-118,2025-12-26T08:17:07.037595,5,8,4,0
ST-118,2025-12-26T08:17:37.291610,5,8,4,0
ST-118,2025-12-26T08:18:07.534140,5,8,4,0
ST-118,2025-12-26T08:18:37.714800,5,8,4,0
ST-118,2025-12-26T08:19:07.932302,5,8,4,0
ST-118,2025-12-26T08:19:38.171466,5,8,4,0
ST-118,2025-12-26T08:20:08.426656,5,8,4,0
ST-119,2025-12-26T08:10:07.479879,28,8,4,0
ST-119,2025-12-26T08:16:06.582262,29,8,4,0
ST-119,2025-12-26T08:16:36.862713,29,8,4,0
ST-119,2025-12-26T08:17:07.037596,29,8,4,0
ST-119,2025-12-26T08:17:37.291611,29,8,4,0
ST-119,2025-12-26T08:18:07.534141,29,8,4,0
ST-119,2025-12-26T08:18:37.714801,29,8,4,0
ST-119,2025-12-26T08:19:07.932303,30,8,4,0
ST-119,2025-12-26T08:19:38.171468,30,8,4,0
ST-119,2025-12-26T08:20:08.426657,30,8,4,0
ST-123,2025-12-26T08:10:07.479881,16,8,4,0
ST-123,2025-12-26T08:16:06.582263,16,8,4,0
ST-123,2025-12-26T08:16:36.862715,16,8,4,0
ST-123,2025-12-26T08:17:07.037597,16,8,4,0
ST-123,2025-12-26T08:17:37.291612,16,8,4,0
ST-123,2025-12-26T08:18:07.534143,16,8,4,0
ST-123,2025-12-26T08:18:37.714802,16,8,4,0
ST-123,2025-12-26T08:19:07.932305,16,8,4,0
ST-123,2025-12-26T08:19:38.171470,16,8,4,0
ST-123,2025-12-26T08:20:08.426658,16,8,4,0
ST-1249,2025-12-26T08:10:07.480073,32,8,4,0
ST-1249,2025-12-26T08:16:06.582484,32,8,4,0
ST-1249,2025-12-26T08:16:36.862980,32,8,4,0
ST-1249,2025-12-26T08:17:07.037810,32,8,4,0
ST-1249,2025-12-26T08:17:37.291788,32,8,4,0
ST-1249,2025-12-26T08:18:07.534365,32,8,4,0
ST-1249,2025-12-26T08:18:37.715055,32,8,4,0
ST-1249,2025-12-26T08:19:07.932510,32,8,4,0
ST-1249,2025-12-26T08:19:38.171935,32,8,4,0
ST-1249,2025-12-26T08:20:08.426868,32,8,4,0
ST-125,2025-12-26T08:10:07.479882,8,8,4,0
ST-125,2025-12-26T08:16:06.582265,8,8,4,0
ST-125,2025-12-26T08:16:36.862716,8,8,4,0
ST-125,2025-12-26T08:17:07.037598,8,8,4,0
ST-125,2025-12-26T08:17:37.291614,8,8,4,0
ST-125,2025-12-26T08:18:07.534144,8,8,4,0
ST-125,2025-12-26T08:18:37.714803,8,8,4,0
ST-125,2025-12-26T08:19:07.932306,8,8,4,0
ST-125,2025-12-26T08:19:38.171472,8,8,4,0
ST-125,2025-12-26T08:20:08.426659,8,8,4,0
ST-1251,2025-12-26T08:10:07.480075,21,8,4,0
ST-1251,2025-12-26T08:16:06.582486,20,8,4,0
ST-1251,2025-12-26T08:16:36.862981,20,8,4,0
ST-1251,2025-12-26T08:17:07.037811,20,8,4,0
ST-1251,2025-12-26T08:17:37.291789,20,8,4,0
ST-1251,2025-12-26T08:18:07.534366,20,8,4,0
ST-1251,2025-12-26T08:18:37.715056,20,8,4,0
ST-1251,2025-12-26T08:19:07.932511,20,8,4,0
ST-1251,2025-12-26T08:19:38.171938,20,8,4,0
ST-1251,2025-12-26T08:20:08.426870,20,8,4,0
ST-132,2025-12-26T08:10:07.479883,21,8,4,0
ST-132,2025-12-26T08:16:06.582266,22,8,4,0
ST-132,2025-12-26T08:16:36.862719,22,8,4,0
ST-132,2025-12-26T08:17:07.037600,22,8,4,0
ST-132,2025-12-26T08:17:37.291615,22,8,4,0
ST-132,2025-12-26T08:18:07.534145,22,8,4,0
ST-132,2025-12-26T08:18:37.714805,22,8,4,0
ST-132,2025-12-26T08:19:07.932307,22,8,4,0
ST-132,2025-12-26T08:19:38.171475,22,8,4,0
ST-132,2025-12-26T08:20:08.426661,21,8,4,0
ST-1325,2025-12-26T08:10:07.480002,13,8,4,0
ST-1325,2025-12-26T08:16:06.582393,13,8,4,0
ST-1325,2025-12-26T08:16:36.862856,13,8,4,0
ST-1325,2025-12-26T08:17:07.037721,13,8,4,0
ST-1325,2025-12-26T08:17:37.291724,13,8,4,0
ST-1325,2025-12-26T08:18:07.534288,13,8,4,0
ST-1325,2025-12-26T08:18:37.714982,13,8,4,0
ST-1325,2025-12-26T08:19:07.932436,13,8,4,0
ST-1325,2025-12-26T08:19:38.171715,13,8,4,0
ST-1325,2025-12-26T08:20:08.426789,13,8,4,0
ST-1332,2025-12-26T08:10:07.480140,26,8,4,0
ST-1332,2025-12-26T08:16:06.582554,26,8,4,0
ST-1332,2025-12-26T08:16:36.863053,26,8,4,0
ST-1332,2025-12-26T08:17:07.037874,26,8,4,0
ST-1332,2025-12-26T08:17:37.291853,26,8,4,0
ST-1332,2025-12-26T08:18:07.534438,26,8,4,0
ST-1332,2025-12-26T08:18:37.715126,26,8,4,0
ST-1332,2025-12-26T08:19:07.932578,26,8,4,0
ST-1332,2025-12-26T08:19:38.172080,26,8,4,0
ST-1332,2025-12-26T08:20:08.426941,26,8,4,0
ST-1333,2025-12-26T08:10:07.480141,42,8,4,0
ST-1333,2025-12-26T08:16:06.582555,42,8,4,0
ST-1333,2025-12-26T08:16:36.863054,42,8,4,0
ST-1333,2025-12-26T08:17:07.037875,42,8,4,0
ST-1333,2025-12-26T08:17:37.291854,42,8,4,0
ST-1333,2025-12-26T08:18:07.534440,42,8,4,0
ST-1333,2025-12-26T08:18:37.715127,42,8,4,0
ST-1333,2025-12-26T08:19:07.932579,42,8,4,0
ST-1333,2025-12-26T08:19:38.172083,42,8,4,0
ST-1333,2025-12-26T08:20:08.426942,42,8,4,0
ST-1341,2025-12-26T08:10:07.480003,6,8,4,0
ST-1341,2025-12-26T08:16:06.582394,6,8,4,0
ST-1341,2025-12-26T08:16:36.862858,6,8,4,0
ST-1341,2025-12-26T08:17:07.037722,6,8,4,0
ST-1341,2025-12-26T08:17:37.291725,6,8,4,0
ST-1341,2025-12-26T08:18:07.534290,6,8,4,0
ST-1341,2025-12-26T08:18:37.714983,6,8,4,0
ST-1341,2025-12-26T08:19:07.932438,6,8,4,0
ST-1341,2025-12-26T08:19:38.171718,6,8,4,0
ST-1341,2025-12-26T08:20:08.426791,6,8,4,0
ST-1342,2025-12-26T08:10:07.480004,5,8,4,0
ST-1342,2025-12-26T08:16:06.582395,5,8,4,0
ST-1342,2025-12-26T08:16:36.862859,5,8,4,0
ST-1342,2025-12-26T08:17:07.037723,5,8,4,0
ST-1342,2025-12-26T08:17:37.291726,5,8,4,0
ST-1342,2025-12-26T08:18:07.534291,5,8,4,0
ST-1342,2025-12-26T08:18:37.714984,5,8,4,0
ST-1342,2025-12-26T08:19:07.932439,5,8,4,0
ST-1342,2025-12-26T08:19:38.171720,4,8,4,0
ST-1342,2025-12-26T08:20:08.426792,4,8,4,0
ST-1372,2025-12-26T08:10:07.479908,5,8,4,0
ST-1372,2025-12-26T08:16:06.582295,4,8,4,0
ST-1372,2025-12-26T08:16:36.862759,4,8,4,0
ST-1372,2025-12-26T08:17:07.037624,4,8,4,0
ST-1372,2025-12-26T08:17:37.291641,4,8,4,0
ST-1372,2025-12-26T08:18:07.534172,3,8,4,0
ST-1372,2025-12-26T08:18:37.714885,3,8,4,0
ST-1372,2025-12-26T08:19:07.932340,3,8,4,0
ST-1372,2025-12-26T08:19:38.171524,3,8,4,0
ST-1372,2025-12-26T08:20:08.426688,3,8,4,0
ST-1375,2025-12-26T08:10:07.480142,51,8,4,0
ST-1375,2025-12-26T08:16:06.582556,52,8,4,0
ST-1375,2025-12-26T08:16:36.863055,52,8,4,0
ST-1375,2025-12-26T08:17:07.037877,52,8,4,0
ST-1375,2025-12-26T08:17:37.291855,52,8,4,0
ST-1375,2025-12-26T08:18:07.534441,52,8,4,0
ST-1375,2025-12-26T08:18:37.715129,52,8,4,0
ST-1375,2025-12-26T08:19:07.932581,52,8,4,0
ST-1375,2025-12-26T08:19:38.172085,52,8,4,0
ST-1375,2025-12-26T08:20:08.426943,52,8,4,0
ST-1376,2025-12-26T08:10:07.480005,12,8,4,0
ST-1376,2025-12-26T08:16:06.582396,12,8,4,0
ST-1376,2025-12-26T08:16:36.862860,12,8,4,0
ST-1376,2025-12-26T08:17:07.037724,12,8,4,0
ST-1376,2025-12-26T08:17:37.291727,12,8,4,0
ST-1376,2025-12-26T08:18:07.534292,12,8,4,0
ST-1376,2025-12-26T08:18:37.714986,13,8,4,0
ST-1376,2025-12-26T08:19:07.932440,13,8,4,0
ST-1376,2025-12-26T08:19:38.171722,13,8,4,0
ST-1376,2025-12-26T08:20:08.426793,13,8,4,0
ST-1383,2025-12-26T08:10:07.480119,3,8,4,0
ST-1383,2025-12-26T08:16:06.582533,3,8,4,0
ST-1383,2025-12-26T08:16:36.863030,3,8,4,0
ST-1383,2025-12-26T08:17:07.037854,3,8,4,0
ST-1383,2025-12-26T08:17:37.291829,3,8,4,0
ST-1383,2025-12-26T08:18:07.534416,3,8,4,0
ST-1383,2025-12-26T08:18:37.715104,3,8,4,0
ST-1383,2025-12-26T08:19:07.932557,3,8,4,0
ST-1383,2025-12-26T08:19:38.172033,3,8,4,0
ST-1383,2025-12-26T08:20:08.426917,3,8,4,0
ST-1386,2025-12-26T08:10:07.480120,9,8,4,0
ST-1386,2025-12-26T08:16:06.582534,9,8,4,0
ST-1386,2025-12-26T08:16:36.863031,9,8,4,0
ST-1386,2025-12-26T08:17:07.037855,9,8,4,0
ST-1386,2025-12-26T08:17:37.291830,9,8,4,0
ST-1386,2025-12-26T08:18:07.534417,9,8,4,0
ST-1386,2025-12-26T08:18:37.715105,9,8,4,0
ST-1386,2025-12-26T08:19:07.932558,9,8,4,0
ST-1386,2025-12-26T08:19:38.172036,9,8,4,0
ST-1386,2025-12-26T08:20:08.426918,9,8,4,0
ST-142,2025-12-26T08:10:07.479884,12,8,4,0
ST-142,2025-12-26T08:16:06.582267,12,8,4,0
ST-142,2025-12-26T08:16:36.862720,12,8,4,0
ST-142,2025-12-26T08:17:07.037601,12,8,4,0
ST-142,2025-12-26T08:17:37.291616,12,8,4,0
ST-142,2025-12-26T08:18:07.534146,12,8,4,0
ST-142,2025-12-26T08:18:37.714806,12,8,4,0
ST-142,2025-12-26T08:19:07.932308,12,8,4,0
ST-142,2025-12-26T08:19:38.171477,12,8,4,0
ST-142,2025-12-26T08:20:08.426662,12,8,4,0
ST-1420,2025-12-26T08:10:07.480049,20,8,4,0
ST-1420,2025-12-26T08:16:06.582459,20,8,4,0
ST-1420,2025-12-26T08:16:36.862904,20,8,4,0
ST-1420,2025-12-26T08:17:07.037784,20,8,4,0
ST-1420,2025-12-26T08:17:37.291765,20,8,4,0
ST-1420,2025-12-26T08:18:07.534340,20,8,4,0
ST-1420,2025-12-26T08:18:37.715029,19,8,4,0
ST-1420,2025-12-26T08:19:07.932484,19,8,4,0
ST-1420,2025-12-26T08:19:38.171879,19,8,4,0
ST-1420,2025-12-26T08:20:08.426841,19,8,4,0
ST-1435,2025-12-26T08:10:07.479910,23,8,4,0
ST-1435,2025-12-26T08:16:06.582296,23,8,4,0
ST-1435,2025-12-26T08:16:36.862760,23,8,4,0
ST-1435,2025-12-26T08:17:07.037626,23,8,4,0
ST-1435,2025-12-26T08:17:37.291642,23,8,4,0
ST-1435,2025-12-26T08:18:07.534174,24,8,4,0
ST-1435,2025-12-26T08:18:37.714887,24,8,4,0
ST-1435,2025-12-26T08:19:07.932341,24,8,4,0
ST-1435,2025-12-26T08:19:38.171528,24,8,4,0
ST-1435,2025-12-26T08:20:08.426689,24,8,4,0
ST-1436,2025-12-26T08:10:07.479911,26,8,4,0
ST-1436,2025-12-26T08:16:06.582298,26,8,4,0
ST-1436,2025-12-26T08:16:36.862761,26,8,4,0
ST-1436,2025-12-26T08:17:07.037627,26,8,4,0
ST-1436,2025-12-26T08:17:37.291643,26,8,4,0
ST-1436,2025-12-26T08:18:07.534175,26,8,4,0
ST-1436,2025-12-26T08:18:37.714889,26,8,4,0
ST-1436,2025-12-26T08:19:07.932343,26,8,4,0
ST-1436,2025-12-26T08:19:38.171530,26,8,4,0
ST-1436,2025-12-26T08:20:08.426691,26,8,4,0
ST-1443,2025-12-26T08:10:07.480007,30,8,4,0
ST-1443,2025-12-26T08:16:06.582398,30,8,4,0
ST-1443,2025-12-26T08:16:36.862861,30,8,4,0
ST-1443,2025-12-26T08:17:07.037726,30,8,4,0
ST-1443,2025-12-26T08:17:37.291728,30,8,4,0
ST-1443,2025-12-26T08:18:07.534294,30,8,4,0
ST-1443,2025-12-26T08:18:37.714987,30,8,4,0
ST-1443,2025-12-26T08:19:07.932441,30,8,4,0
ST-1443,2025-12-26T08:19:38.171725,30,8,4,0
ST-1443,2025-12-26T08:20:08.426795,30,8,4,0
ST-1481,2025-12-26T08:10:07.480036,39,8,4,0
ST-1481,2025-12-26T08:16:06.582447,39,8,4,0
ST-1481,2025-12-26T08:16:36.862891,39,8,4,0
ST-1481,2025-12-26T08:17:07.037771,39,8,4,0
ST-1481,2025-12-26T08:17:37.291754,39,8,4,0
ST-1481,2025-12-26T08:18:07.534324,39,8,4,0
ST-1481,2025-12-26T08:18:37.715016,39,8,4,0
ST-1481,2025-12-26T08:19:07.932471,39,8,4,0
ST-1481,2025-12-26T08:19:38.171853,39,8,4,0
ST-1481,2025-12-26T08:20:08.426829,39,8,4,0
ST-15,2025-12-26T08:10:07.479828,3,8,4,0
ST-15,2025-12-26T08:16:06.582211,3,8,4,0
ST-15,2025-12-26T08:16:36.862661,3,8,4,0
ST-15,2025-12-26T08:17:07.037550,3,8,4,0
ST-15,2025-12-26T08:17:37.291561,3,8,4,0
ST-15,2025-12-26T08:18:07.534090,3,8,4,0
ST-15,2025-12-26T08:18:37.714243,3,8,4,0
ST-15,2025-12-26T08:19:07.932253,3,8,4,0
ST-15,2025-12-26T08:19:38.171368,3,8,4,0
ST-15,2025-12-26T08:20:08.426589,3,8,4,0
ST-150,2025-12-26T08:10:07.479886,9,8,4,0
ST-150,2025-12-26T08:16:06.582269,9,8,4,0
ST-150,2025-12-26T08:16:36.862722,9,8,4,0
ST-150,2025-12-26T08:17:07.037602,9,8,4,0
ST-150,2025-12-26T08:17:37.291617,9,8,4,0
ST-150,2025-12-26T08:18:07.534147,9,8,4,0
ST-150,2025-12-26T08:18:37.714807,9,8,4,0
ST-150,2025-12-26T08:19:07.932310,9,8,4,0
ST-150,2025-12-26T08:19:38.171479,9,8,4,0
ST-150,2025-12-26T08:20:08.426663,9,8,4,0
ST-1506,2025-12-26T08:10:07.480076,12,8,4,0
ST-1506,2025-12-26T08:16:06.582488,13,8,4,0
ST-1506,2025-12-26T08:16:36.862983,13,8,4,0
ST-1506,2025-12-26T08:17:07.037813,13,8,4,0
ST-1506,2025-12-26T08:17:37.291791,13,8,4,0
ST-1506,2025-12-26T08:18:07.534368,13,8,4,0
ST-1506,2025-12-26T08:18:37.715058,13,8,4,0
ST-1506,2025-12-26T08:19:07.932512,13,8,4,0
ST-1506,2025-12-26T08:19:38.171941,13,8,4,0
ST-1506,2025-12-26T08:20:08.426872,13,8,4,0
ST-151,2025-12-26T08:10:07.479887,13,8,4,0
ST-151,2025-12-26T08:16:06.582270,13,8,4,0
ST-151,2025-12-26T08:16:36.862723,13,8,4,0
ST-151,2025-12-26T08:17:07.037603,13,8,4,0
ST-151,2025-12-26T08:17:37.291619,13,8,4,0
ST-151,2025-12-26T08:18:07.534148,13,8,4,0
ST-151,2025-12-26T08:18:37.714808,13,8,4,0
ST-151,2025-12-26T08:19:07.932311,13,8,4,0
ST-151,2025-12-26T08:19:38.171482,13,8,4,0
ST-151,2025-12-26T08:20:08.426664,13,8,4,0
ST-1515,2025-12-26T08:10:07.480077,7,8,4,0
ST-1515,2025-12-26T08:16:06.582489,8,8,4,0
ST-1515,2025-12-26T08:16:36.862986,8,8,4,0
ST-1515,2025-12-26T08:17:07.037814,8,8,4,0
ST-1515,2025-12-26T08:17:37.291792,8,8,4,0
ST-1515,2025-12-26T08:18:07.534371,8,8,4,0
ST-1515,2025-12-26T08:18:37.715059,8,8,4,0
ST-1515,2025-12-26T08:19:07.932514,8,8,4,0
ST-1515,2025-12-26T08:19:38.171944,8,8,4,0
ST-1515,2025-12-26T08:20:08.426873,8,8,4,0
ST-152,2025-12-26T08:10:07.479888,3,8,4,0
ST-152,2025-12-26T08:16:06.582271,3,8,4,0
ST-152,2025-12-26T08:16:36.862737,3,8,4,0
ST-152,2025-12-26T08:17:07.037604,3,8,4,0
ST-152,2025-12-26T08:17:37.291620,3,8,4,0
ST-152,2025-12-26T08:18:07.534149,3,8,4,0
ST-152,2025-12-26T08:18:37.714810,3,8,4,0
ST-152,2025-12-26T08:19:07.932312,3,8,4,0
ST-152,2025-12-26T08:19:38.171484,3,8,4,0
ST-152,2025-12-26T08:20:08.426666,3,8,4,0
ST-157,2025-12-26T08:10:07.479890,6,8,4,0
ST-157,2025-12-26T08:16:06.582272,6,8,4,0
ST-157,2025-12-26T08:16:36.862740,6,8,4,0
ST-157,2025-12-26T08:17:07.037605,6,8,4,0
ST-157,2025-12-26T08:17:37.291621,6,8,4,0
ST-157,2025-12-26T08:18:07.534151,6,8,4,0
ST-157,2025-12-26T08:18:37.714811,6,8,4,0
ST-157,2025-12-26T08:19:07.932313,6,8,4,0
ST-157,2025-12-26T08:19:38.171486,6,8,4,0
ST-157,2025-12-26T08:20:08.426667,6,8,4,0
ST-1584,2025-12-26T08:10:07.480107,13,8,4,0
ST-1584,2025-12-26T08:16:06.582521,13,8,4,0
ST-1584,2025-12-26T08:16:36.863018,13,8,4,0
ST-1584,2025-12-26T08:17:07.037843,13,8,4,0
ST-1584,2025-12-26T08:17:37.291819,13,8,4,0
ST-1584,2025-12-26T08:18:07.534403,13,8,4,0
ST-1584,2025-12-26T08:18:37.715091,13,8,4,0
ST-1584,2025-12-26T08:19:07.932545,14,8,4,0
ST-1584,2025-12-26T08:19:38.172008,14,8,4,0
ST-1584,2025-12-26T08:20:08.426906,14,8,4,0
ST-1608,2025-12-26T08:10:07.479921,17,8,4,0
ST-1608,2025-12-26T08:16:06.582314,16,8,4,0
ST-1608,2025-12-26T08:16:36.862772,16,8,4,0
ST-1608,2025-12-26T08:17:07.037637,16,8,4,0
ST-1608,2025-12-26T08:17:37.291653,16,8,4,0
ST-1608,2025-12-26T08:18:07.534200,16,8,4,0
ST-1608,2025-12-26T08:18:37.714900,16,8,4,0
ST-1608,2025-12-26T08:19:07.932353,16,8,4,0
ST-1608,2025-12-26T08:19:38.171553,16,8,4,0
ST-1608,2025-12-26T08:20:08.426703,16,8,4,0
ST-1611,2025-12-26T08:10:07.479922,20,8,4,0
ST-1611,2025-12-26T08:16:06.582315,21,8,4,0
ST-1611,2025-12-26T08:16:36.862773,21,8,4,0
ST-1611,2025-12-26T08:17:07.037638,21,8,4,0
ST-1611,2025-12-26T08:17:37.291655,21,8,4,0
ST-1611,2025-12-26T08:18:07.534203,22,8,4,0
ST-1611,2025-12-26T08:18:37.714901,22,8,4,0
ST-1611,2025-12-26T08:19:07.932355,22,8,4,0
ST-1611,2025-12-26T08:19:38.171556,22,8,4,0
ST-1611,2025-12-26T08:20:08.426704,22,8,4,0
ST-163,2025-12-26T08:10:07.479891,12,8,4,0
ST-163,2025-12-26T08:16:06.582274,12,8,4,0
ST-163,2025-12-26T08:16:36.862741,12,8,4,0
ST-163,2025-12-26T08:17:07.037607,12,8,4,0
ST-163,2025-12-26T08:17:37.291622,12,8,4,0
ST-163,2025-12-26T08:18:07.534152,12,8,4,0
ST-163,2025-12-26T08:18:37.714812,12,8,4,0
ST-163,2025-12-26T08:19:07.932315,12,8,4,0
ST-163,2025-12-26T08:19:38.171489,12,8,4,0
ST-163,2025-12-26T08:20:08.426669,12,8,4,0
ST-1671,2025-12-26T08:10:07.479974,10,8,4,0
ST-1671,2025-12-26T08:16:06.582365,10,8,4,0
ST-1671,2025-12-26T08:16:36.862826,10,8,4,0
ST-1671,2025-12-26T08:17:07.037689,10,8,4,0
ST-1671,2025-12-26T08:17:37.291699,10,8,4,0
ST-1671,2025-12-26T08:18:07.534256,10,8,4,0
ST-1671,2025-12-26T08:18:37.714954,10,8,4,0
ST-1671,2025-12-26T08:19:07.932408,10,8,4,0
ST-1671,2025-12-26T08:19:38.171659,10,8,4,0
ST-1671,2025-12-26T08:20:08.426760,10,8,4,0
ST-1674,2025-12-26T08:10:07.480038,16,8,4,0
ST-1674,2025-12-26T08:16:06.582448,16,8,4,0
ST-1674,2025-12-26T08:16:36.862893,16,8,4,0
ST-1674,2025-12-26T08:17:07.037773,16,8,4,0
ST-1674,2025-12-26T08:17:37.291756,16,8,4,0
ST-1674,2025-12-26T08:18:07.534326,16,8,4,0
ST-1674,2025-12-26T08:18:37.715017,16,8,4,0
ST-1674,2025-12-26T08:19:07.932473,16,8,4,0
ST-1674,2025-12-26T08:19:38.171857,16,8,4,0
ST-1674,2025-12-26T08:20:08.426831,16,8,4,0
ST-1675,2025-12-26T08:10:07.479917,15,8,4,0
ST-1675,2025-12-26T08:16:06.582304,15,8,4,0
ST-1675,2025-12-26T08:16:36.862768,15,8,4,0
ST-1675,2025-12-26T08:17:07.037633,15,8,4,0
ST-1675,2025-12-26T08:17:37.291650,15,8,4,0
ST-1675,2025-12-26T08:18:07.534182,15,8,4,0
ST-1675,2025-12-26T08:18:37.714895,15,8,4,0
ST-1675,2025-12-26T08:19:07.932349,15,8,4,0
ST-1675,2025-12-26T08:19:38.171544,15,8,4,0
ST-1675,2025-12-26T08:20:08.426698,15,8,4,0
ST-1689,2025-12-26T08:10:07.480080,23,8,4,0
ST-1689,2025-12-26T08:16:06.582492,22,8,4,0
ST-1689,2025-12-26T08:16:36.862989,22,8,4,0
ST-1689,2025-12-26T08:17:07.037817,22,8,4,0
ST-1689,2025-12-26T08:17:37.291794,22,8,4,0
ST-1689,2025-12-26T08:18:07.534373,22,8,4,0
ST-1689,2025-12-26T08:18:37.715062,22,8,4,0
ST-1689,2025-12-26T08:19:07.932517,22,8,4,0
ST-1689,2025-12-26T08:19:38.171949,22,8,4,0
ST-1689,2025-12-26T08:20:08.426876,22,8,4,0
ST-1691,2025-12-26T08:10:07.479918,13,8,4,0
ST-1691,2025-12-26T08:16:06.582305,13,8,4,0
ST-1691,2025-12-26T08:16:36.862769,13,8,4,0
ST-1691,2025-12-26T08:17:07.037634,13,8,4,0
ST-1691,2025-12-26T08:17:37.291651,13,8,4,0
ST-1691,2025-12-26T08:18:07.534183,13,8,4,0
ST-1691,2025-12-26T08:18:37.714896,13,8,4,0
ST-1691,2025-12-26T08:19:07.932350,13,8,4,0
ST-1691,2025-12-26T08:19:38.171545,13,8,4,0
ST-1691,2025-12-26T08:20:08.426700,13,8,4,0
ST-1694,2025-12-26T08:10:07.480081,1,8,4,0
ST-1694,2025-12-26T08:16:06.582494,2,8,4,0
ST-1694,2025-12-26T08:16:36.862991,2,8,4,0
ST-1694,2025-12-26T08:17:07.037818,2,8,4,0
ST-1694,2025-12-26T08:17:37.291796,2,8,4,0
ST-1694,2025-12-26T08:18:07.534375,2,8,4,0
ST-1694,2025-12-26T08:18:37.715064,2,8,4,0
ST-1694,2025-12-26T08:19:07.932518,2,8,4,0
ST-1694,2025-12-26T08:19:38.171952,2,8,4,0
ST-1694,2025-12-26T08:20:08.426877,2,8,4,0
ST-1695,2025-12-26T08:10:07.480082,13,8,4,0
ST-1695,2025-12-26T08:16:06.582495,13,8,4,0
ST-1695,2025-12-26T08:16:36.862992,13,8,4,0
ST-1695,2025-12-26T08:17:07.037820,13,8,4,0
ST-1695,2025-12-26T08:17:37.291797,13,8,4,0
ST-1695,2025-12-26T08:18:07.534376,13,8,4,0
ST-1695,2025-12-26T08:18:37.715065,13,8,4,0
ST-1695,2025-12-26T08:19:07.932520,13,8,4,0
ST-1695,2025-12-26T08:19:38.171954,13,8,4,0
ST-1695,2025-12-26T08:20:08.426878,13,8,4,0
ST-1709,2025-12-26T08:10:07.480079,31,8,4,0
ST-1709,2025-12-26T08:16:06.582491,31,8,4,0
ST-1709,2025-12-26T08:16:36.862988,31,8,4,0
ST-1709,2025-12-26T08:17:07.037816,31,8,4,0
ST-1709,2025-12-26T08:17:37.291793,31,8,4,0
ST-1709,2025-12-26T08:18:07.534372,31,8,4,0
ST-1709,2025-12-26T08:18:37.715061,31,8,4,0
ST-1709,2025-12-26T08:19:07.932516,31,8,4,0
ST-1709,2025-12-26T08:19:38.171948,31,8,4,0
ST-1709,2025-12-26T08:20:08.426875,31,8,4,0
ST-1731,2025-12-26T08:10:07.479984,57,8,4,0
ST-1731,2025-12-26T08:16:06.582375,57,8,4,0
ST-1731,2025-12-26T08:16:36.862838,56,8,4,0
ST-1731,2025-12-26T08:17:07.037700,56,8,4,0
ST-1731,2025-12-26T08:17:37.291708,56,8,4,0
ST-1731,2025-12-26T08:18:07.534270,57,8,4,0
ST-1731,2025-12-26T08:18:37.714965,57,8,4,0
ST-1731,2025-12-26T08:19:07.932419,57,8,4,0
ST-1731,2025-12-26T08:19:38.171683,57,8,4,0
ST-1731,2025-12-26T08:20:08.426772,57,8,4,0
ST-1736,2025-12-26T08:10:07.479985,2,8,4,0
ST-1736,2025-12-26T08:16:06.582376,2,8,4,0
ST-1736,2025-12-26T08:16:36.862839,2,8,4,0
ST-1736,2025-12-26T08:17:07.037702,2,8,4,0
ST-1736,2025-12-26T08:17:37.291709,2,8,4,0
ST-1736,2025-12-26T08:18:07.534271,2,8,4,0
ST-1736,2025-12-26T08:18:37.714966,2,8,4,0
ST-1736,2025-12-26T08:19:07.932420,2,8,4,0
ST-1736,2025-12-26T08:19:38.171685,2,8,4,0
ST-1736,2025-12-26T08:20:08.426773,2,8,4,0
ST-175,2025-12-26T08:10:07.479894,26,8,4,0
ST-175,2025-12-26T08:16:06.582276,26,8,4,0
ST-175,2025-12-26T08:16:36.862744,26,8,4,0
ST-175,2025-12-26T08:17:07.037609,26,8,4,0
ST-175,2025-12-26T08:17:37.291625,26,8,4,0
ST-175,2025-12-26T08:18:07.534155,26,8,4,0
ST-175,2025-12-26T08:18:37.714815,26,8,4,0
ST-175,2025-12-26T08:19:07.932317,26,8,4,0
ST-175,2025-12-26T08:19:38.171495,26,8,4,0
ST-175,2025-12-26T08:20:08.426671,26,8,4,0
ST-1763,2025-12-26T08:10:07.480050,1,8,4,0
ST-1763,2025-12-26T08:16:06.582461,1,8,4,0
ST-1763,2025-12-26T08:16:36.862905,1,8,4,0
ST-1763,2025-12-26T08:17:07.037786,1,8,4,0
ST-1763,2025-12-26T08:17:37.291767,1,8,4,0
ST-1763,2025-12-26T08:18:07.534341,1,8,4,0
ST-1763,2025-12-26T08:18:37.715030,1,8,4,0
ST-1763,2025-12-26T08:19:07.932485,1,8,4,0
ST-1763,2025-12-26T08:19:38.171882,1,8,4,0
ST-1763,2025-12-26T08:20:08.426843,1,8,4,0
ST-1768,2025-12-26T08:10:07.479919,12,8,4,0
ST-1768,2025-12-26T08:16:06.582310,12,8,4,0
ST-1768,2025-12-26T08:16:36.862770,12,8,4,0
ST-1768,2025-12-26T08:17:07.037635,12,8,4,0
ST-1768,2025-12-26T08:17:37.291652,12,8,4,0
ST-1768,2025-12-26T08:18:07.534184,12,8,4,0
ST-1768,2025-12-26T08:18:37.714898,12,8,4,0
ST-1768,2025-12-26T08:19:07.932352,12,8,4,0
ST-1768,2025-12-26T08:19:38.171549,12,8,4,0
ST-1768,2025-12-26T08:20:08.426701,12,8,4,0
ST-177,2025-12-26T08:10:07.479895,1,8,4,0
ST-177,2025-12-26T08:16:06.582278,1,8,4,0
ST-177,2025-12-26T08:16:36.862745,1,8,4,0
ST-177,2025-12-26T08:17:07.037610,1,8,4,0
ST-177,2025-12-26T08:17:37.291626,1,8,4,0
ST-177,2025-12-26T08:18:07.534156,1,8,4,0
ST-177,2025-12-26T08:18:37.714816,1,8,4,0
ST-177,2025-12-26T08:19:07.932324,1,8,4,0
ST-177,2025-12-26T08:19:38.171497,1,8,4,0
ST-177,2025-12-26T08:20:08.426673,1,8,4,0
ST-1775,2025-12-26T08:10:07.479924,7,8,4,0
ST-1775,2025-12-26T08:16:06.582317,7,8,4,0
ST-1775,2025-12-26T08:16:36.862775,7,8,4,0
ST-1775,2025-12-26T08:17:07.037640,7,8,4,0
ST-1775,2025-12-26T08:17:37.291656,7,8,4,0
ST-1775,2025-12-26T08:18:07.534205,7,8,4,0
ST-1775,2025-12-26T08:18:37.714903,7,8,4,0
ST-1775,2025-12-26T08:19:07.932357,7,8,4,0
ST-1775,2025-12-26T08:19:38.171559,7,8,4,0
ST-1775,2025-12-26T08:20:08.426706,7,8,4,0
ST-1776,2025-12-26T08:10:07.479926,11,8,4,0
ST-1776,2025-12-26T08:16:06.582318,11,8,4,0
ST-1776,2025-12-26T08:16:36.862776,11,8,4,0
ST-1776,2025-12-26T08:17:07.037641,11,8,4,0
ST-1776,2025-12-26T08:17:37.291657,11,8,4,0
ST-1776,2025-12-26T08:18:07.534207,11,8,4,0
ST-1776,2025-12-26T08:18:37.714904,11,8,4,0
ST-1776,2025-12-26T08:19:07.932358,11,8,4,0
ST-1776,2025-12-26T08:19:38.171562,11,8,4,0
ST-1776,2025-12-26T08:20:08.426707,11,8,4,0
ST-1779,2025-12-26T08:10:07.479927,28,8,4,0
ST-1779,2025-12-26T08:16:06.582319,28,8,4,0
ST-1779,2025-12-26T08:16:36.862778,28,8,4,0
ST-1779,2025-12-26T08:17:07.037643,28,8,4,0
ST-1779,2025-12-26T08:17:37.291659,28,8,4,0
ST-1779,2025-12-26T08:18:07.534209,28,8,4,0
ST-1779,2025-12-26T08:18:37.714906,28,8,4,0
ST-1779,2025-12-26T08:19:07.932359,28,8,4,0
ST-1779,2025-12-26T08:19:38.171565,28,8,4,0
ST-1779,2025-12-26T08:20:08.426709,28,8,4,0
ST-178,2025-12-26T08:10:07.479896,1,8,4,0
ST-178,2025-12-26T08:16:06.582279,1,8,4,0
ST-178,2025-12-26T08:16:36.862747,1,8,4,0
ST-178,2025-12-26T08:17:07.037611,1,8,4,0
ST-178,2025-12-26T08:17:37.291628,1,8,4,0
ST-178,2025-12-26T08:18:07.534157,1,8,4,0
ST-178,2025-12-26T08:18:37.714818,1,8,4,0
ST-178,2025-12-26T08:19:07.932326,1,8,4,0
ST-178,2025-12-26T08:19:38.171500,1,8,4,0
ST-178,2025-12-26T08:20:08.426674,1,8,4,0
ST-1785,2025-12-26T08:10:07.479929,2,8,4,0
ST-1785,2025-12-26T08:16:06.582321,2,8,4,0
ST-1785,2025-12-26T08:16:36.862779,2,8,4,0
ST-1785,2025-12-26T08:17:07.037644,2,8,4,0
ST-1785,2025-12-26T08:17:37.291660,2,8,4,0
ST-1785,2025-12-26T08:18:07.534210,2,8,4,0
ST-1785,2025-12-26T08:18:37.714908,2,8,4,0
ST-1785,2025-12-26T08:19:07.932361,2,8,4,0
ST-1785,2025-12-26T08:19:38.171568,2,8,4,0
ST-1785,2025-12-26T08:20:08.426711,2,8,4,0
ST-1786,2025-12-26T08:10:07.479930,0,8,4,0
ST-1786,2025-12-26T08:16:06.582322,0,8,4,0
ST-1786,2025-12-26T08:16:36.862780,0,8,4,0
ST-1786,2025-12-26T08:17:07.037645,0,8,4,0
ST-1786,2025-12-26T08:17:37.291661,0,8,4,0
ST-1786,2025-12-26T08:18:07.534212,0,8,4,0
ST-1786,2025-12-26T08:18:37.714909,0,8,4,0
ST-1786,2025-12-26T08:19:07.932362,0,8,4,0
ST-1786,2025-12-26T08:19:38.171570,0,8,4,0
ST-1786,2025-12-26T08:20:08.426712,0,8,4,0
ST-1791,2025-12-26T08:10:07.479931,10,8,4,0
ST-1791,2025-12-26T08:16:06.582323,10,8,4,0
ST-1791,2025-12-26T08:16:36.862781,10,8,4,0
ST-1791,2025-12-26T08:17:07.037647,10,8,4,0
ST-1791,2025-12-26T08:17:37.291662,10,8,4,0
ST-1791,2025-12-26T08:18:07.534213,10,8,4,0
ST-1791,2025-12-26T08:18:37.714910,10,8,4,0
ST-1791,2025-12-26T08:19:07.932364,10,8,4,0
ST-1791,2025-12-26T08:19:38.171573,10,8,4,0
ST-1791,2025-12-26T08:20:08.426715,10,8,4,0
ST-18,2025-12-26T08:10:07.479829,10,8,4,0
ST-18,2025-12-26T08:16:06.582212,10,8,4,0
ST-18,2025-12-26T08:16:36.862662,10,8,4,0
ST-18,2025-12-26T08:17:07.037551,10,8,4,0
ST-18,2025-12-26T08:17:37.291562,10,8,4,0
ST-18,2025-12-26T08:18:07.534091,11,8,4,0
ST-18,2025-12-26T08:18:37.714244,10,8,4,0
ST-18,2025-12-26T08:19:07.932254,10,8,4,0
ST-18,2025-12-26T08:19:38.171371,10,8,4,0
ST-18,2025-12-26T08:20:08.426590,9,8,4,0
ST-180,2025-12-26T08:10:07.479897,21,8,4,0
ST-180,2025-12-26T08:16:06.582280,21,8,4,0
ST-180,2025-12-26T08:16:36.862748,21,8,4,0
ST-180,2025-12-26T08:17:07.037613,21,8,4,0
ST-180,2025-12-26T08:17:37.291629,21,8,4,0
ST-180,2025-12-26T08:18:07.534158,21,8,4,0
ST-180,2025-12-26T08:18:37.714819,21,8,4,0
ST-180,2025-12-26T08:19:07.932327,21,8,4,0
ST-180,2025-12-26T08:19:38.171502,21,8,4,0
ST-180,2025-12-26T08:20:08.426675,21,8,4,0
ST-183,2025-12-26T08:10:07.479892,17,8,4,0
ST-183,2025-12-26T08:16:06.582275,19,8,4,0
ST-183,2025-12-26T08:16:36.862743,19,8,4,0
ST-183,2025-12-26T08:17:07.037608,19,8,4,0
ST-183,2025-12-26T08:17:37.291624,19,8,4,0
ST-183,2025-12-26T08:18:07.534153,20,8,4,0
ST-183,2025-12-26T08:18:37.714813,20,8,4,0
ST-183,2025-12-26T08:19:07.932316,20,8,4,0
ST-183,2025-12-26T08:19:38.171491,20,8,4,0
ST-183,2025-12-26T08:20:08.426670,20,8,4,0
ST-1833,2025-12-26T08:10:07.480052,3,8,4,0
ST-1833,2025-12-26T08:16:06.582462,3,8,4,0
ST-1833,2025-12-26T08:16:36.862907,3,8,4,0
ST-1833,2025-12-26T08:17:07.037787,3,8,4,0
ST-1833,2025-12-26T08:17:37.291768,3,8,4,0
ST-1833,2025-12-26T08:18:07.534342,3,8,4,0
ST-1833,2025-12-26T08:18:37.715032,3,8,4,0
ST-1833,2025-12-26T08:19:07.932487,3,8,4,0
ST-1833,2025-12-26T08:19:38.171886,3,8,4,0
ST-1833,2025-12-26T08:20:08.426844,3,8,4,0
ST-1838,2025-12-26T08:10:07.480053,16,8,4,0
ST-1838,2025-12-26T08:16:06.582463,16,8,4,0
ST-1838,2025-12-26T08:16:36.862908,16,8,4,0
ST-1838,2025-12-26T08:17:07.037788,16,8,4,0
ST-1838,2025-12-26T08:17:37.291769,16,8,4,0
ST-1838,2025-12-26T08:18:07.534344,16,8,4,0
ST-1838,2025-12-26T08:18:37.715033,16,8,4,0
ST-1838,2025-12-26T08:19:07.932488,16,8,4,0
ST-1838,2025-12-26T08:19:38.171889,16,8,4,0
ST-1838,2025-12-26T08:20:08.426845,16,8,4,0
ST-185,2025-12-26T08:10:07.479898,10,8,4,0
ST-185,2025-12-26T08:16:06.582283,12,8,4,0
ST-185,2025-12-26T08:16:36.862749,12,8,4,0
ST-185,2025-12-26T08:17:07.037614,12,8,4,0
ST-185,2025-12-26T08:17:37.291630,12,8,4,0
ST-185,2025-12-26T08:18:07.534159,12,8,4,0
ST-185,2025-12-26T08:18:37.714820,12,8,4,0
ST-185,2025-12-26T08:19:07.932328,12,8,4,0
ST-185,2025-12-26T08:19:38.171505,12,8,4,0
ST-185,2025-12-26T08:20:08.426677,13,8,4,0
ST-1850,2025-12-26T08:10:07.480055,12,8,4,0
ST-1850,2025-12-26T08:16:06.582465,12,8,4,0
ST-1850,2025-12-26T08:16:36.862910,11,8,4,0
ST-1850,2025-12-26T08:17:07.037790,11,8,4,0
ST-1850,2025-12-26T08:17:37.291771,10,8,4,0
ST-1850,2025-12-26T08:18:07.534346,10,8,4,0
ST-1850,2025-12-26T08:18:37.715035,10,8,4,0
ST-1850,2025-12-26T08:19:07.932490,10,8,4,0
ST-1850,2025-12-26T08:19:38.171894,10,8,4,0
ST-1850,2025-12-26T08:20:08.426847,10,8,4,0
ST-186,2025-12-26T08:10:07.479899,2,8,4,0
ST-186,2025-12-26T08:16:06.582284,2,8,4,0
ST-186,2025-12-26T08:16:36.862750,2,8,4,0
ST-186,2025-12-26T08:17:07.037615,2,8,4,0
ST-186,2025-12-26T08:17:37.291631,2,8,4,0
ST-186,2025-12-26T08:18:07.534160,2,8,4,0
ST-186,2025-12-26T08:18:37.714821,2,8,4,0
ST-186,2025-12-26T08:19:07.932329,2,8,4,0
ST-186,2025-12-26T08:19:38.171507,2,8,4,0
ST-186,2025-12-26T08:20:08.426678,2,8,4,0
ST-187,2025-12-26T08:10:07.479901,5,8,4,0
ST-187,2025-12-26T08:16:06.582285,5,8,4,0
ST-187,2025-12-26T08:16:36.862751,5,8,4,0
ST-187,2025-12-26T08:17:07.037616,5,8,4,0
ST-187,2025-12-26T08:17:37.291632,5,8,4,0
ST-187,2025-12-26T08:18:07.534161,5,8,4,0
ST-187,2025-12-26T08:18:37.714822,5,8,4,0
ST-187,2025-12-26T08:19:07.932330,5,8,4,0
ST-187,2025-12-26T08:19:38.171509,5,8,4,0
ST-187,2025-12-26T08:20:08.426679,5,8,4,0
ST-19,2025-12-26T08:10:07.479832,4,8,4,0
ST-19,2025-12-26T08:16:06.582215,4,8,4,0
ST-19,2025-12-26T08:16:36.862665,4,8,4,0
ST-19,2025-12-26T08:17:07.037553,4,8,4,0
ST-19,2025-12-26T08:17:37.291565,4,8,4,0
ST-19,2025-12-26T08:18:07.534094,4,8,4,0
ST-19,2025-12-26T08:18:37.714250,4,8,4,0
ST-19,2025-12-26T08:19:07.932257,4,8,4,0
ST-19,2025-12-26T08:19:38.171376,4,8,4,0
ST-19,2025-12-26T08:20:08.426593,4,8,4,0
ST-194,2025-12-26T08:10:07.479902,18,8,4,0
ST-194,2025-12-26T08:16:06.582287,18,8,4,0
ST-194,2025-12-26T08:16:36.862752,18,8,4,0
ST-194,2025-12-26T08:17:07.037617,18,8,4,0
ST-194,2025-12-26T08:17:37.291633,18,8,4,0
ST-194,2025-12-26T08:18:07.534162,18,8,4,0
ST-194,2025-12-26T08:18:37.714823,18,8,4,0
ST-194,2025-12-26T08:19:07.932332,18,8,4,0
ST-194,2025-12-26T08:19:38.171511,18,8,4,0
ST-194,2025-12-26T08:20:08.426680,18,8,4,0
ST-197,2025-12-26T08:10:07.479903,3,8,4,0
ST-197,2025-12-26T08:16:06.582288,3,8,4,0
ST-197,2025-12-26T08:16:36.862753,3,8,4,0
ST-197,2025-12-26T08:17:07.037618,3,8,4,0
ST-197,2025-12-26T08:17:37.291635,3,8,4,0
ST-197,2025-12-26T08:18:07.534163,3,8,4,0
ST-197,2025-12-26T08:18:37.714824,3,8,4,0
ST-197,2025-12-26T08:19:07.932333,3,8,4,0
ST-197,2025-12-26T08:19:38.171513,3,8,4,0
ST-197,2025-12-26T08:20:08.426682,3,8,4,0
ST-198,2025-12-26T08:10:07.479904,15,8,4,0
ST-198,2025-12-26T08:16:06.582290,15,8,4,0
ST-198,2025-12-26T08:16:36.862754,15,8,4,0
ST-198,2025-12-26T08:17:07.037619,15,8,4,0
ST-198,2025-12-26T08:17:37.291636,15,8,4,0
ST-198,2025-12-26T08:18:07.534166,15,8,4,0
ST-198,2025-12-26T08:18:37.714825,15,8,4,0
ST-198,2025-12-26T08:19:07.932334,15,8,4,0
ST-198,2025-12-26T08:19:38.171515,15,8,4,0
ST-198,2025-12-26T08:20:08.426683,15,8,4,0
ST-1996,2025-12-26T08:10:07.479987,35,8,4,0
ST-1996,2025-12-26T08:16:06.582378,35,8,4,0
ST-1996,2025-12-26T08:16:36.862841,35,8,4,0
ST-1996,2025-12-26T08:17:07.037704,35,8,4,0
ST-1996,2025-12-26T08:17:37.291711,35,8,4,0
ST-1996,2025-12-26T08:18:07.534272,35,8,4,0
ST-1996,2025-12-26T08:18:37.714968,35,8,4,0
ST-1996,2025-12-26T08:19:07.932421,34,8,4,0
ST-1996,2025-12-26T08:19:38.171687,34,8,4,0
ST-1996,2025-12-26T08:20:08.426775,34,8,4,0
ST-1999,2025-12-26T08:10:07.479988,1,8,4,0
ST-1999,2025-12-26T08:16:06.582379,1,8,4,0
ST-1999,2025-12-26T08:16:36.862842,1,8,4,0
ST-1999,2025-12-26T08:17:07.037705,1,8,4,0
ST-1999,2025-12-26T08:17:37.291712,1,8,4,0
ST-1999,2025-12-26T08:18:07.534273,1,8,4,0
ST-1999,2025-12-26T08:18:37.714969,1,8,4,0
ST-1999,2025-12-26T08:19:07.932423,1,8,4,0
ST-1999,2025-12-26T08:19:38.171690,1,8,4,0
ST-1999,2025-12-26T08:20:08.426776,1,8,4,0
ST-20,2025-12-26T08:10:07.479831,6,8,4,0
ST-20,2025-12-26T08:16:06.582213,7,8,4,0
ST-20,2025-12-26T08:16:36.862663,7,8,4,0
ST-20,2025-12-26T08:17:07.037552,6,8,4,0
ST-20,2025-12-26T08:17:37.291563,6,8,4,0
ST-20,2025-12-26T08:18:07.534092,6,8,4,0
ST-20,2025-12-26T08:18:37.714245,6,8,4,0
ST-20,2025-12-26T08:19:07.932255,6,8,4,0
ST-20,2025-12-26T08:19:38.171374,6,8,4,0
ST-20,2025-12-26T08:20:08.426591,6,8,4,0
ST-200,2025-12-26T08:10:07.479840,10,8,4,0
ST-200,2025-12-26T08:16:06.582222,10,8,4,0
ST-200,2025-12-26T08:16:36.862672,10,8,4,0
ST-200,2025-12-26T08:17:07.037560,10,8,4,0
ST-200,2025-12-26T08:17:37.291572,10,8,4,0
ST-200,2025-12-26T08:18:07.534104,10,8,4,0
ST-200,2025-12-26T08:18:37.714258,10,8,4,0
ST-200,2025-12-26T08:19:07.932264,10,8,4,0
ST-200,2025-12-26T08:19:38.171392,10,8,4,0
ST-200,2025-12-26T08:20:08.426600,10,8,4,0
ST-2000,2025-12-26T08:10:07.479989,3,8,4,0
ST-2000,2025-12-26T08:16:06.582381,3,8,4,0
ST-2000,2025-12-26T08:16:36.862843,3,8,4,0
ST-2000,2025-12-26T08:17:07.037707,3,8,4,0
ST-2000,2025-12-26T08:17:37.291713,3,8,4,0
ST-2000,2025-12-26T08:18:07.534274,3,8,4,0
ST-2000,2025-12-26T08:18:37.714970,3,8,4,0
ST-2000,2025-12-26T08:19:07.932424,3,8,4,0
ST-2000,2025-12-26T08:19:38.171692,3,8,4,0
ST-2000,2025-12-26T08:20:08.426777,3,8,4,0
ST-201,2025-12-26T08:10:07.479841,1,8,4,0
ST-201,2025-12-26T08:16:06.582223,1,8,4,0
ST-201,2025-12-26T08:16:36.862674,1,8,4,0
ST-201,2025-12-26T08:17:07.037561,1,8,4,0
ST-201,2025-12-26T08:17:37.291573,1,8,4,0
ST-201,2025-12-26T08:18:07.534105,1,8,4,0
ST-201,2025-12-26T08:18:37.714259,1,8,4,0
ST-201,2025-12-26T08:19:07.932265,1,8,4,0
ST-201,2025-12-26T08:19:38.171394,1,8,4,0
ST-201,2025-12-26T08:20:08.426601,1,8,4,0
ST-2014,2025-12-26T08:10:07.479991,6,8,4,0
ST-2014,2025-12-26T08:16:06.582383,8,8,4,0
ST-2014,2025-12-26T08:16:36.862845,9,8,4,0
ST-2014,2025-12-26T08:17:07.037709,9,8,4,0
ST-2014,2025-12-26T08:17:37.291714,8,8,4,0
ST-2014,2025-12-26T08:18:07.534276,8,8,4,0
ST-2014,2025-12-26T08:18:37.714972,9,8,4,0
ST-2014,2025-12-26T08:19:07.932425,9,8,4,0
ST-2014,2025-12-26T08:19:38.171696,9,8,4,0
ST-2014,2025-12-26T08:20:08.426779,9,8,4,0
ST-203,2025-12-26T08:10:07.479842,5,8,4,0
ST-203,2025-12-26T08:16:06.582225,5,8,4,0
ST-203,2025-12-26T08:16:36.862675,5,8,4,0
ST-203,2025-12-26T08:17:07.037562,5,8,4,0
ST-203,2025-12-26T08:17:37.291575,5,8,4,0
ST-203,2025-12-26T08:18:07.534106,5,8,4,0
ST-203,2025-12-26T08:18:37.714261,5,8,4,0
ST-203,2025-12-26T08:19:07.932266,5,8,4,0
ST-203,2025-12-26T08:19:38.171396,5,8,4,0
ST-203,2025-12-26T08:20:08.426602,5,8,4,0
ST-204,2025-12-26T08:10:07.479844,9,8,4,0
ST-204,2025-12-26T08:16:06.582226,10,8,4,0
ST-204,2025-12-26T08:16:36.862676,9,8,4,0
ST-204,2025-12-26T08:17:07.037563,9,8,4,0
ST-204,2025-12-26T08:17:37.291576,9,8,4,0
ST-204,2025-12-26T08:18:07.534107,9,8,4,0
ST-204,2025-12-26T08:18:37.714263,9,8,4,0
ST-204,2025-12-26T08:19:07.932267,9,8,4,0
ST-204,2025-12-26T08:19:38.171398,9,8,4,0
ST-204,2025-12-26T08:20:08.426603,9,8,4,0
ST-205,2025-12-26T08:10:07.479845,13,8,4,0
ST-205,2025-12-26T08:16:06.582227,13,8,4,0
ST-205,2025-12-26T08:16:36.862678,13,8,4,0
ST-205,2025-12-26T08:17:07.037564,13,8,4,0
ST-205,2025-12-26T08:17:37.291577,13,8,4,0
ST-205,2025-12-26T08:18:07.534108,13,8,4,0
ST-205,2025-12-26T08:18:37.714264,13,8,4,0
ST-205,2025-12-26T08:19:07.932269,13,8,4,0
ST-205,2025-12-26T08:19:38.171400,13,8,4,0
ST-205,2025-12-26T08:20:08.426606,13,8,4,0
ST-207,2025-12-26T08:10:07.479847,16,8,4,0
ST-207,2025-12-26T08:16:06.582228,16,8,4,0
ST-207,2025-12-26T08:16:36.862679,16,8,4,0
ST-207,2025-12-26T08:17:07.037566,16,8,4,0
ST-207,2025-12-26T08:17:37.291579,16,8,4,0
ST-207,2025-12-26T08:18:07.534109,17,8,4,0
ST-207,2025-12-26T08:18:37.714265,17,8,4,0
ST-207,2025-12-26T08:19:07.932270,17,8,4,0
ST-207,2025-12-26T08:19:38.171402,17,8,4,0
ST-207,2025-12-26T08:20:08.426608,17,8,4,0
ST-211,2025-12-26T08:10:07.479848,10,8,4,0
ST-211,2025-12-26T08:16:06.582229,10,8,4,0
ST-211,2025-12-26T08:16:36.862681,10,8,4,0
ST-211,2025-12-26T08:17:07.037567,10,8,4,0
ST-211,2025-12-26T08:17:37.291580,10,8,4,0
ST-211,2025-12-26T08:18:07.534111,10,8,4,0
ST-211,2025-12-26T08:18:37.714267,10,8,4,0
ST-211,2025-12-26T08:19:07.932271,10,8,4,0
ST-211,2025-12-26T08:19:38.171405,10,8,4,0
ST-211,2025-12-26T08:20:08.426609,10,8,4,0
ST-212,2025-12-26T08:10:07.479849,21,8,4,0
ST-212,2025-12-26T08:16:06.582231,21,8,4,0
ST-212,2025-12-26T08:16:36.862682,21,8,4,0
ST-212,2025-12-26T08:17:07.037568,21,8,4,0
ST-212,2025-12-26T08:17:37.291581,21,8,4,0
ST-212,2025-12-26T08:18:07.534112,21,8,4,0
ST-212,2025-12-26T08:18:37.714269,21,8,4,0
ST-212,2025-12-26T08:19:07.932272,21,8,4,0
ST-212,2025-12-26T08:19:38.171408,21,8,4,0
ST-212,2025-12-26T08:20:08.426611,21,8,4,0
ST-214,2025-12-26T08:10:07.479850,17,8,4,0
ST-214,2025-12-26T08:16:06.582232,17,8,4,0
ST-214,2025-12-26T08:16:36.862683,17,8,4,0
ST-214,2025-12-26T08:17:07.037569,17,8,4,0
ST-214,2025-12-26T08:17:37.291582,17,8,4,0
ST-214,2025-12-26T08:18:07.534113,17,8,4,0
ST-214,2025-12-26T08:18:37.714270,17,8,4,0
ST-214,2025-12-26T08:19:07.932274,17,8,4,0
ST-214,2025-12-26T08:19:38.171410,17,8,4,0
ST-214,2025-12-26T08:20:08.426612,17,8,4,0
ST-2152,2025-12-26T08:10:07.479933,0,8,4,0
ST-2152,2025-12-26T08:16:06.582325,0,8,4,0
ST-2152,2025-12-26T08:16:36.862782,0,8,4,0
ST-2152,2025-12-26T08:17:07.037648,0,8,4,0
ST-2152,2025-12-26T08:17:37.291664,0,8,4,0
ST-2152,2025-12-26T08:18:07.534215,0,8,4,0
ST-2152,2025-12-26T08:18:37.714912,0,8,4,0
ST-2152,2025-12-26T08:19:07.932365,0,8,4,0
ST-2152,2025-12-26T08:19:38.171576,0,8,4,0
ST-2152,2025-12-26T08:20:08.426717,0,8,4,0
ST-216,2025-12-26T08:10:07.479852,14,8,4,0
ST-216,2025-12-26T08:16:06.582233,14,8,4,0
ST-216,2025-12-26T08:16:36.862684,14,8,4,0
ST-216,2025-12-26T08:17:07.037570,14,8,4,0
ST-216,2025-12-26T08:17:37.291583,14,8,4,0
ST-216,2025-12-26T08:18:07.534114,14,8,4,0
ST-216,2025-12-26T08:18:37.714271,14,8,4,0
ST-216,2025-12-26T08:19:07.932275,14,8,4,0
ST-216,2025-12-26T08:19:38.171412,14,8,4,0
ST-216,2025-12-26T08:20:08.426613,14,8,4,0
ST-2177,2025-12-26T08:10:07.480009,9,8,4,0
ST-2177,2025-12-26T08:16:06.582400,9,8,4,0
ST-2177,2025-12-26T08:16:36.862863,9,8,4,0
ST-2177,2025-12-26T08:17:07.037727,9,8,4,0
ST-2177,2025-12-26T08:17:37.291730,9,8,4,0
ST-2177,2025-12-26T08:18:07.534297,9,8,4,0
ST-2177,2025-12-26T08:18:37.714989,9,8,4,0
ST-2177,2025-12-26T08:19:07.932443,9,8,4,0
ST-2177,2025-12-26T08:19:38.171728,9,8,4,0
ST-2177,2025-12-26T08:20:08.426797,9,8,4,0
ST-2179,2025-12-26T08:10:07.480010,1,8,4,0
ST-2179,2025-12-26T08:16:06.582401,1,8,4,0
ST-2179,2025-12-26T08:16:36.862864,1,8,4,0
ST-2179,2025-12-26T08:17:07.037729,1,8,4,0
ST-2179,2025-12-26T08:17:37.291731,1,8,4,0
ST-2179,2025-12-26T08:18:07.534298,1,8,4,0
ST-2179,2025-12-26T08:18:37.714990,1,8,4,0
ST-2179,2025-12-26T08:19:07.932444,1,8,4,0
ST-2179,2025-12-26T08:19:38.171731,1,8,4,0
ST-2179,2025-12-26T08:20:08.426799,1,8,4,0
ST-218,2025-12-26T08:10:07.479853,0,8,4,0
ST-218,2025-12-26T08:16:06.582234,0,8,4,0
ST-218,2025-12-26T08:16:36.862685,0,8,4,0
ST-218,2025-12-26T08:17:07.037571,0,8,4,0
ST-218,2025-12-26T08:17:37.291584,0,8,4,0
ST-218,2025-12-26T08:18:07.534115,0,8,4,0
ST-218,2025-12-26T08:18:37.714272,0,8,4,0
ST-218,2025-12-26T08:19:07.932276,0,8,4,0
ST-218,2025-12-26T08:19:38.171415,0,8,4,0
ST-218,2025-12-26T08:20:08.426614,0,8,4,0
ST-2182,2025-12-26T08:10:07.480011,12,8,4,0
ST-2182,2025-12-26T08:16:06.582402,12,8,4,0
ST-2182,2025-12-26T08:16:36.862865,12,8,4,0
ST-2182,2025-12-26T08:17:07.037730,12,8,4,0
ST-2182,2025-12-26T08:17:37.291732,12,8,4,0
ST-2182,2025-12-26T08:18:07.534299,12,8,4,0
ST-2182,2025-12-26T08:18:37.714991,12,8,4,0
ST-2182,2025-12-26T08:19:07.932446,12,8,4,0
ST-2182,2025-12-26T08:19:38.171733,12,8,4,0
ST-2182,2025-12-26T08:20:08.426801,12,8,4,0
ST-2187,2025-12-26T08:10:07.480012,20,8,4,0
ST-2187,2025-12-26T08:16:06.582404,20,8,4,0
ST-2187,2025-12-26T08:16:36.862866,20,8,4,0
ST-2187,2025-12-26T08:17:07.037731,20,8,4,0
ST-2187,2025-12-26T08:17:37.291733,20,8,4,0
ST-2187,2025-12-26T08:18:07.534300,20,8,4,0
ST-2187,2025-12-26T08:18:37.714992,20,8,4,0
ST-2187,2025-12-26T08:19:07.932447,20,8,4,0
ST-2187,2025-12-26T08:19:38.171736,20,8,4,0
ST-2187,2025-12-26T08:20:08.426802,20,8,4,0
ST-2191,2025-12-26T08:10:07.480013,17,8,4,0
ST-2191,2025-12-26T08:16:06.582405,17,8,4,0
ST-2191,2025-12-26T08:16:36.862867,17,8,4,0
ST-2191,2025-12-26T08:17:07.037732,17,8,4,0
ST-2191,2025-12-26T08:17:37.291734,17,8,4,0
ST-2191,2025-12-26T08:18:07.534302,17,8,4,0
ST-2191,2025-12-26T08:18:37.714993,17,8,4,0
ST-2191,2025-12-26T08:19:07.932448,17,8,4,0
ST-2191,2025-12-26T08:19:38.171738,17,8,4,0
ST-2191,2025-12-26T08:20:08.426803,17,8,4,0
ST-2222,2025-12-26T08:10:07.480122,6,8,4,0
ST-2222,2025-12-26T08:16:06.582536,6,8,4,0
ST-2222,2025-12-26T08:16:36.863033,6,8,4,0
ST-2222,2025-12-26T08:17:07.037857,6,8,4,0
ST-2222,2025-12-26T08:17:37.291833,6,8,4,0
ST-2222,2025-12-26T08:18:07.534419,6,8,4,0
ST-2222,2025-12-26T08:18:37.715107,6,8,4,0
ST-2222,2025-12-26T08:19:07.932559,6,8,4,0
ST-2222,2025-12-26T08:19:38.172040,6,8,4,0
ST-2222,2025-12-26T08:20:08.426920,6,8,4,0
ST-2223,2025-12-26T08:10:07.480123,24,8,4,0
ST-2223,2025-12-26T08:16:06.582537,23,8,4,0
ST-2223,2025-12-26T08:16:36.863034,23,8,4,0
ST-2223,2025-12-26T08:17:07.037858,23,8,4,0
ST-2223,2025-12-26T08:17:37.291835,23,8,4,0
ST-2223,2025-12-26T08:18:07.534420,23,8,4,0
ST-2223,2025-12-26T08:18:37.715108,23,8,4,0
ST-2223,2025-12-26T08:19:07.932561,23,8,4,0
ST-2223,2025-12-26T08:19:38.172042,23,8,4,0
ST-2223,2025-12-26T08:20:08.426921,23,8,4,0
ST-2225,2025-12-26T08:10:07.480124,11,8,4,0
ST-2225,2025-12-26T08:16:06.582538,11,8,4,0
ST-2225,2025-12-26T08:16:36.863035,11,8,4,0
ST-2225,2025-12-26T08:17:07.037859,11,8,4,0
ST-2225,2025-12-26T08:17:37.291836,11,8,4,0
ST-2225,2025-12-26T08:18:07.534421,11,8,4,0
ST-2225,2025-12-26T08:18:37.715110,11,8,4,0
ST-2225,2025-12-26T08:19:07.932562,11,8,4,0
ST-2225,2025-12-26T08:19:38.172045,11,8,4,0
ST-2225,2025-12-26T08:20:08.426922,11,8,4,0
ST-2226,2025-12-26T08:10:07.480125,16,8,4,0
ST-2226,2025-12-26T08:16:06.582539,16,8,4,0
ST-2226,2025-12-26T08:16:36.863036,16,8,4,0
ST-2226,2025-12-26T08:17:07.037860,16,8,4,0
ST-2226,2025-12-26T08:17:37.291837,16,8,4,0
ST-2226,2025-12-26T08:18:07.534422,16,8,4,0
ST-2226,2025-12-26T08:18:37.715111,16,8,4,0
ST-2226,2025-12-26T08:19:07.932563,16,8,4,0
ST-2226,2025-12-26T08:19:38.172047,16,8,4,0
ST-2226,2025-12-26T08:20:08.426923,16,8,4,0
ST-2229,2025-12-26T08:10:07.480126,5,8,4,0
ST-2229,2025-12-26T08:16:06.582540,5,8,4,0
ST-2229,2025-12-26T08:16:36.863038,5,8,4,0
ST-2229,2025-12-26T08:17:07.037861,5,8,4,0
ST-2229,2025-12-26T08:17:37.291838,5,8,4,0
ST-2229,2025-12-26T08:18:07.534424,5,8,4,0
ST-2229,2025-12-26T08:18:37.715112,5,8,4,0
ST-2229,2025-12-26T08:19:07.932564,5,8,4,0
ST-2229,2025-12-26T08:19:38.172050,5,8,4,0
ST-2229,2025-12-26T08:20:08.426925,5,8,4,0
ST-2264,2025-12-26T08:10:07.480040,30,8,4,0
ST-2264,2025-12-26T08:16:06.582451,30,8,4,0
ST-2264,2025-12-26T08:16:36.862895,30,8,4,0
ST-2264,2025-12-26T08:17:07.037775,28,8,4,0
ST-2264,2025-12-26T08:17:37.291758,28,8,4,0
ST-2264,2025-12-26T08:18:07.534328,28,8,4,0
ST-2264,2025-12-26T08:18:37.715020,28,8,4,0
ST-2264,2025-12-26T08:19:07.932475,28,8,4,0
ST-2264,2025-12-26T08:19:38.171861,28,8,4,0
ST-2264,2025-12-26T08:20:08.426832,28,8,4,0
ST-2285,2025-12-26T08:10:07.480143,32,8,4,0
ST-2285,2025-12-26T08:16:06.582558,32,8,4,0
ST-2285,2025-12-26T08:16:36.863057,32,8,4,0
ST-2285,2025-12-26T08:17:07.037878,32,8,4,0
ST-2285,2025-12-26T08:17:37.291857,32,8,4,0
ST-2285,2025-12-26T08:18:07.534442,32,8,4,0
ST-2285,2025-12-26T08:18:37.715130,32,8,4,0
ST-2285,2025-12-26T08:19:07.932582,32,8,4,0
ST-2285,2025-12-26T08:19:38.172088,32,8,4,0
ST-2285,2025-12-26T08:20:08.426944,32,8,4,0
ST-2289,2025-12-26T08:10:07.480145,11,8,4,0
ST-2289,2025-12-26T08:16:06.582559,11,8,4,0
ST-2289,2025-12-26T08:16:36.863058,11,8,4,0
ST-2289,2025-12-26T08:17:07.037879,11,8,4,0
ST-2289,2025-12-26T08:17:37.291858,11,8,4,0
ST-2289,2025-12-26T08:18:07.534443,11,8,4,0
ST-2289,2025-12-26T08:18:37.715132,11,8,4,0
ST-2289,2025-12-26T08:19:07.932583,11,8,4,0
ST-2289,2025-12-26T08:19:38.172091,11,8,4,0
ST-2289,2025-12-26T08:20:08.426946,11,8,4,0
ST-2290,2025-12-26T08:10:07.480146,32,8,4,0
ST-2290,2025-12-26T08:16:06.582560,32,8,4,0
ST-2290,2025-12-26T08:16:36.863059,32,8,4,0
ST-2290,2025-12-26T08:17:07.037880,32,8,4,0
ST-2290,2025-12-26T08:17:37.291859,32,8,4,0
ST-2290,2025-12-26T08:18:07.534444,32,8,4,0
ST-2290,2025-12-26T08:18:37.715133,32,8,4,0
ST-2290,2025-12-26T08:19:07.932584,32,8,4,0
ST-2290,2025-12-26T08:19:38.172093,32,8,4,0
ST-2290,2025-12-26T08:20:08.426947,32,8,4,0
ST-2294,2025-12-26T08:10:07.480147,20,8,4,0
ST-2294,2025-12-26T08:16:06.582561,20,8,4,0
ST-2294,2025-12-26T08:16:36.863060,20,8,4,0
ST-2294,2025-12-26T08:17:07.037882,20,8,4,0
ST-2294,2025-12-26T08:17:37.291860,20,8,4,0
ST-2294,2025-12-26T08:18:07.534446,20,8,4,0
ST-2294,2025-12-26T08:18:37.715134,20,8,4,0
ST-2294,2025-12-26T08:19:07.932586,20,8,4,0
ST-2294,2025-12-26T08:19:38.172096,20,8,4,0
ST-2294,2025-12-26T08:20:08.426948,20,8,4,0
ST-230,2025-12-26T08:10:07.479855,6,8,4,0
ST-230,2025-12-26T08:16:06.582237,6,8,4,0
ST-230,2025-12-26T08:16:36.862688,6,8,4,0
ST-230,2025-12-26T08:17:07.037573,6,8,4,0
ST-230,2025-12-26T08:17:37.291586,6,8,4,0
ST-230,2025-12-26T08:18:07.534117,6,8,4,0
ST-230,2025-12-26T08:18:37.714275,6,8,4,0
ST-230,2025-12-26T08:19:07.932278,6,8,4,0
ST-230,2025-12-26T08:19:38.171419,6,8,4,0
ST-230,2025-12-26T08:20:08.426616,6,8,4,0
ST-232,2025-12-26T08:10:07.479856,12,8,4,0
ST-232,2025-12-26T08:16:06.582238,12,8,4,0
ST-232,2025-12-26T08:16:36.862689,12,8,4,0
ST-232,2025-12-26T08:17:07.037574,12,8,4,0
ST-232,2025-12-26T08:17:37.291588,12,8,4,0
ST-232,2025-12-26T08:18:07.534118,12,8,4,0
ST-232,2025-12-26T08:18:37.714277,12,8,4,0
ST-232,2025-12-26T08:19:07.932280,12,8,4,0
ST-232,2025-12-26T08:19:38.171422,12,8,4,0
ST-232,2025-12-26T08:20:08.426618,12,8,4,0
ST-233,2025-12-26T08:10:07.479857,15,8,4,0
ST-233,2025-12-26T08:16:06.582239,15,8,4,0
ST-233,2025-12-26T08:16:36.862690,15,8,4,0
ST-233,2025-12-26T08:17:07.037575,15,8,4,0
ST-233,2025-12-26T08:17:37.291589,15,8,4,0
ST-233,2025-12-26T08:18:07.534119,15,8,4,0
ST-233,2025-12-26T08:18:37.714278,15,8,4,0
ST-233,2025-12-26T08:19:07.932281,15,8,4,0
ST-233,2025-12-26T08:19:38.171424,15,8,4,0
ST-233,2025-12-26T08:20:08.426619,15,8,4,0
ST-236,2025-12-26T08:10:07.479941,27,8,4,0
ST-236,2025-12-26T08:16:06.582333,27,8,4,0
ST-236,2025-12-26T08:16:36.862790,27,8,4,0
ST-236,2025-12-26T08:17:07.037656,27,8,4,0
ST-236,2025-12-26T08:17:37.291671,27,8,4,0
ST-236,2025-12-26T08:18:07.534223,27,8,4,0
ST-236,2025-12-26T08:18:37.714920,27,8,4,0
ST-236,2025-12-26T08:19:07.932373,27,8,4,0
ST-236,2025-12-26T08:19:38.171594,27,8,4,0
ST-236,2025-12-26T08:20:08.426725,27,8,4,0
ST-237,2025-12-26T08:10:07.479942,22,8,4,0
ST-237,2025-12-26T08:16:06.582334,21,8,4,0
ST-237,2025-12-26T08:16:36.862791,21,8,4,0
ST-237,2025-12-26T08:17:07.037657,21,8,4,0
ST-237,2025-12-26T08:17:37.291672,21,8,4,0
ST-237,2025-12-26T08:18:07.534224,21,8,4,0
ST-237,2025-12-26T08:18:37.714921,21,8,4,0
ST-237,2025-12-26T08:19:07.932374,21,8,4,0
ST-237,2025-12-26T08:19:38.171596,21,8,4,0
ST-237,2025-12-26T08:20:08.426727,21,8,4,0
ST-238,2025-12-26T08:10:07.479943,2,8,4,0
ST-238,2025-12-26T08:16:06.582335,2,8,4,0
ST-238,2025-12-26T08:16:36.862792,2,8,4,0
ST-238,2025-12-26T08:17:07.037658,2,8,4,0
ST-238,2025-12-26T08:17:37.291673,2,8,4,0
ST-238,2025-12-26T08:18:07.534226,2,8,4,0
ST-238,2025-12-26T08:18:37.714922,2,8,4,0
ST-238,2025-12-26T08:19:07.932376,2,8,4,0
ST-238,2025-12-26T08:19:38.171599,2,8,4,0
ST-238,2025-12-26T08:20:08.426728,2,8,4,0
ST-243,2025-12-26T08:10:07.479945,17,8,4,0
ST-243,2025-12-26T08:16:06.582337,20,8,4,0
ST-243,2025-12-26T08:16:36.862793,20,8,4,0
ST-243,2025-12-26T08:17:07.037659,20,8,4,0
ST-243,2025-12-26T08:17:37.291674,20,8,4,0
ST-243,2025-12-26T08:18:07.534227,20,8,4,0
ST-243,2025-12-26T08:18:37.714923,20,8,4,0
ST-243,2025-12-26T08:19:07.932377,20,8,4,0
ST-243,2025-12-26T08:19:38.171602,20,8,4,0
ST-243,2025-12-26T08:20:08.426729,20,8,4,0
ST-248,2025-12-26T08:10:07.479946,6,8,4,0
ST-248,2025-12-26T08:16:06.582338,7,8,4,0
ST-248,2025-12-26T08:16:36.862794,7,8,4,0
ST-248,2025-12-26T08:17:07.037661,7,8,4,0
ST-248,2025-12-26T08:17:37.291675,7,8,4,0
ST-248,2025-12-26T08:18:07.534228,7,8,4,0
ST-248,2025-12-26T08:18:37.714925,7,8,4,0
ST-248,2025-12-26T08:19:07.932379,7,8,4,0
ST-248,2025-12-26T08:19:38.171604,7,8,4,0
ST-248,2025-12-26T08:20:08.426731,7,8,4,0
ST-249,2025-12-26T08:10:07.479947,5,8,4,0
ST-249,2025-12-26T08:16:06.582339,5,8,4,0
ST-249,2025-12-26T08:16:36.862795,5,8,4,0
ST-249,2025-12-26T08:17:07.037662,5,8,4,0
ST-249,2025-12-26T08:17:37.291676,5,8,4,0
ST-249,2025-12-26T08:18:07.534229,5,8,4,0
ST-249,2025-12-26T08:18:37.714926,5,8,4,0
ST-249,2025-12-26T08:19:07.932380,5,8,4,0
ST-249,2025-12-26T08:19:38.171607,5,8,4,0
ST-249,2025-12-26T08:20:08.426732,5,8,4,0
ST-253,2025-12-26T08:10:07.479949,21,8,4,0
ST-253,2025-12-26T08:16:06.582340,20,8,4,0
ST-253,2025-12-26T08:16:36.862799,20,8,4,0
ST-253,2025-12-26T08:17:07.037663,20,8,4,0
ST-253,2025-12-26T08:17:37.291677,20,8,4,0
ST-253,2025-12-26T08:18:07.534231,20,8,4,0
ST-253,2025-12-26T08:18:37.714927,20,8,4,0
ST-253,2025-12-26T08:19:07.932382,20,8,4,0
ST-253,2025-12-26T08:19:38.171609,20,8,4,0
ST-253,2025-12-26T08:20:08.426733,20,8,4,0
ST-254,2025-12-26T08:10:07.479950,26,8,4,0
ST-254,2025-12-26T08:16:06.582341,26,8,4,0
ST-254,2025-12-26T08:16:36.862800,26,8,4,0
ST-254,2025-12-26T08:17:07.037665,26,8,4,0
ST-254,2025-12-26T08:17:37.291678,26,8,4,0
ST-254,2025-12-26T08:18:07.534232,26,8,4,0
ST-254,2025-12-26T08:18:37.714928,26,8,4,0
ST-254,2025-12-26T08:19:07.932383,26,8,4,0
ST-254,2025-12-26T08:19:38.171612,26,8,4,0
ST-254,2025-12-26T08:20:08.426734,26,8,4,0
ST-259,2025-12-26T08:10:07.479951,2,8,4,0
ST-259,2025-12-26T08:16:06.582343,2,8,4,0
ST-259,2025-12-26T08:16:36.862801,2,8,4,0
ST-259,2025-12-26T08:17:07.037666,2,8,4,0
ST-259,2025-12-26T08:17:37.291680,2,8,4,0
ST-259,2025-12-26T08:18:07.534234,2,8,4,0
ST-259,2025-12-26T08:18:37.714930,2,8,4,0
ST-259,2025-12-26T08:19:07.932384,2,8,4,0
ST-259,2025-12-26T08:19:38.171614,2,8,4,0
ST-259,2025-12-26T08:20:08.426736,2,8,4,0
ST-265,2025-12-26T08:10:07.479965,13,8,4,0
ST-265,2025-12-26T08:16:06.582356,13,8,4,0
ST-265,2025-12-26T08:16:36.862816,13,8,4,0
ST-265,2025-12-26T08:17:07.037680,13,8,4,0
ST-265,2025-12-26T08:17:37.291691,13,8,4,0
ST-265,2025-12-26T08:18:07.534247,13,8,4,0
ST-265,2025-12-26T08:18:37.714944,13,8,4,0
ST-265,2025-12-26T08:19:07.932398,13,8,4,0
ST-265,2025-12-26T08:19:38.171642,13,8,4,0
ST-265,2025-12-26T08:20:08.426750,13,8,4,0
ST-267,2025-12-26T08:10:07.479966,3,8,4,0
ST-267,2025-12-26T08:16:06.582357,4,8,4,0
ST-267,2025-12-26T08:16:36.862817,4,8,4,0
ST-267,2025-12-26T08:17:07.037681,4,8,4,0
ST-267,2025-12-26T08:17:37.291692,4,8,4,0
ST-267,2025-12-26T08:18:07.534248,4,8,4,0
ST-267,2025-12-26T08:18:37.714945,4,8,4,0
ST-267,2025-12-26T08:19:07.932400,4,8,4,0
ST-267,2025-12-26T08:19:38.171644,4,8,4,0
ST-267,2025-12-26T08:20:08.426752,4,8,4,0
ST-272,2025-12-26T08:10:07.479967,5,8,4,0
ST-272,2025-12-26T08:16:06.582358,6,8,4,0
ST-272,2025-12-26T08:16:36.862820,6,8,4,0
ST-272,2025-12-26T08:17:07.037683,6,8,4,0
ST-272,2025-12-26T08:17:37.291693,6,8,4,0
ST-272,2025-12-26T08:18:07.534250,6,8,4,0
ST-272,2025-12-26T08:18:37.714946,6,8,4,0
ST-272,2025-12-26T08:19:07.932401,6,8,4,0
ST-272,2025-12-26T08:19:38.171646,6,8,4,0
ST-272,2025-12-26T08:20:08.426754,6,8,4,0
ST-278,2025-12-26T08:10:07.479865,5,8,4,0
ST-278,2025-12-26T08:16:06.582247,4,8,4,0
ST-278,2025-12-26T08:16:36.862699,4,8,4,0
ST-278,2025-12-26T08:17:07.037583,4,8,4,0
ST-278,2025-12-26T08:17:37.291597,4,8,4,0
ST-278,2025-12-26T08:18:07.534127,4,8,4,0
ST-278,2025-12-26T08:18:37.714287,4,8,4,0
ST-278,2025-12-26T08:19:07.932289,4,8,4,0
ST-278,2025-12-26T08:19:38.171440,4,8,4,0
ST-278,2025-12-26T08:20:08.426641,4,8,4,0
ST-289,2025-12-26T08:10:07.479868,5,8,4,0
ST-289,2025-12-26T08:16:06.582251,5,8,4,0
ST-289,2025-12-26T08:16:36.862702,5,8,4,0
ST-289,2025-12-26T08:17:07.037586,5,8,4,0
ST-289,2025-12-26T08:17:37.291600,5,8,4,0
ST-289,2025-12-26T08:18:07.534130,5,8,4,0
ST-289,2025-12-26T08:18:37.714787,5,8,4,0
ST-289,2025-12-26T08:19:07.932292,5,8,4,0
ST-289,2025-12-26T08:19:38.171446,4,8,4,0
ST-289,2025-12-26T08:20:08.426644,4,8,4,0
ST-295,2025-12-26T08:10:07.479869,35,8,4,0
ST-295,2025-12-26T08:16:06.582253,35,8,4,0
ST-295,2025-12-26T08:16:36.862704,35,8,4,0
ST-295,2025-12-26T08:17:07.037587,35,8,4,0
ST-295,2025-12-26T08:17:37.291602,35,8,4,0
ST-295,2025-12-26T08:18:07.534131,35,8,4,0
ST-295,2025-12-26T08:18:37.714791,35,8,4,0
ST-295,2025-12-26T08:19:07.932294,35,8,4,0
ST-295,2025-12-26T08:19:38.171449,35,8,4,0
ST-295,2025-12-26T08:20:08.426646,35,8,4,0
ST-30,2025-12-26T08:10:07.479835,37,8,4,0
ST-30,2025-12-26T08:16:06.582217,38,8,4,0
ST-30,2025-12-26T08:16:36.862667,38,8,4,0
ST-30,2025-12-26T08:17:07.037555,38,8,4,0
ST-30,2025-12-26T08:17:37.291567,38,8,4,0
ST-30,2025-12-26T08:18:07.534096,38,8,4,0
ST-30,2025-12-26T08:18:37.714253,38,8,4,0
ST-30,2025-12-26T08:19:07.932259,38,8,4,0
ST-30,2025-12-26T08:19:38.171381,38,8,4,0
ST-30,2025-12-26T08:20:08.426594,38,8,4,0
ST-300,2025-12-26T08:10:07.479871,38,8,4,0
ST-300,2025-12-26T08:16:06.582254,38,8,4,0
ST-300,2025-12-26T08:16:36.862705,38,8,4,0
ST-300,2025-12-26T08:17:07.037589,38,8,4,0
ST-300,2025-12-26T08:17:37.291603,38,8,4,0
ST-300,2025-12-26T08:18:07.534133,38,8,4,0
ST-300,2025-12-26T08:18:37.714792,38,8,4,0
ST-300,2025-12-26T08:19:07.932295,38,8,4,0
ST-300,2025-12-26T08:19:38.171451,38,8,4,0
ST-300,2025-12-26T08:20:08.426647,38,8,4,0
ST-306,2025-12-26T08:10:07.479872,15,8,4,0
ST-306,2025-12-26T08:16:06.582255,15,8,4,0
ST-306,2025-12-26T08:16:36.862706,15,8,4,0
ST-306,2025-12-26T08:17:07.037590,15,8,4,0
ST-306,2025-12-26T08:17:37.291604,15,8,4,0
ST-306,2025-12-26T08:18:07.534134,15,8,4,0
ST-306,2025-12-26T08:18:37.714794,15,8,4,0
ST-306,2025-12-26T08:19:07.932296,15,8,4,0
ST-306,2025-12-26T08:19:38.171454,15,8,4,0
ST-306,2025-12-26T08:20:08.426649,15,8,4,0
ST-307,2025-12-26T08:10:07.479873,28,8,4,0
ST-307,2025-12-26T08:16:06.582256,30,8,4,0
ST-307,2025-12-26T08:16:36.862707,30,8,4,0
ST-307,2025-12-26T08:17:07.037591,30,8,4,0
ST-307,2025-12-26T08:17:37.291606,30,8,4,0
ST-307,2025-12-26T08:18:07.534136,30,8,4,0
ST-307,2025-12-26T08:18:37.714795,30,8,4,0
ST-307,2025-12-26T08:19:07.932298,30,8,4,0
ST-307,2025-12-26T08:19:38.171456,29,8,4,0
ST-307,2025-12-26T08:20:08.426650,29,8,4,0
ST-308,2025-12-26T08:10:07.479975,1,8,4,0
ST-308,2025-12-26T08:16:06.582367,1,8,4,0
ST-308,2025-12-26T08:16:36.862829,1,8,4,0
ST-308,2025-12-26T08:17:07.037691,1,8,4,0
ST-308,2025-12-26T08:17:37.291701,1,8,4,0
ST-308,2025-12-26T08:18:07.534258,1,8,4,0
ST-308,2025-12-26T08:18:37.714956,1,8,4,0
ST-308,2025-12-26T08:19:07.932410,1,8,4,0
ST-308,2025-12-26T08:19:38.171664,1,8,4,0
ST-308,2025-12-26T08:20:08.426763,1,8,4,0
ST-31,2025-12-26T08:10:07.479836,11,8,4,0
ST-31,2025-12-26T08:16:06.582218,11,8,4,0
ST-31,2025-12-26T08:16:36.862668,11,8,4,0
ST-31,2025-12-26T08:17:07.037556,11,8,4,0
ST-31,2025-12-26T08:17:37.291568,11,8,4,0
ST-31,2025-12-26T08:18:07.534097,11,8,4,0
ST-31,2025-12-26T08:18:37.714254,11,8,4,0
ST-31,2025-12-26T08:19:07.932260,11,8,4,0
ST-31,2025-12-26T08:19:38.171383,11,8,4,0
ST-31,2025-12-26T08:20:08.426596,11,8,4,0
ST-311,2025-12-26T08:10:07.479977,28,8,4,0
ST-311,2025-12-26T08:16:06.582368,28,8,4,0
ST-311,2025-12-26T08:16:36.862830,28,8,4,0
ST-311,2025-12-26T08:17:07.037693,27,8,4,0
ST-311,2025-12-26T08:17:37.291702,27,8,4,0
ST-311,2025-12-26T08:18:07.534262,28,8,4,0
ST-311,2025-12-26T08:18:37.714958,28,8,4,0
ST-311,2025-12-26T08:19:07.932411,28,8,4,0
ST-311,2025-12-26T08:19:38.171667,28,8,4,0
ST-311,2025-12-26T08:20:08.426764,28,8,4,0
ST-313,2025-12-26T08:10:07.479978,14,8,4,0
ST-313,2025-12-26T08:16:06.582369,14,8,4,0
ST-313,2025-12-26T08:16:36.862832,14,8,4,0
ST-313,2025-12-26T08:17:07.037694,14,8,4,0
ST-313,2025-12-26T08:17:37.291703,14,8,4,0
ST-313,2025-12-26T08:18:07.534263,14,8,4,0
ST-313,2025-12-26T08:18:37.714959,14,8,4,0
ST-313,2025-12-26T08:19:07.932412,14,8,4,0
ST-313,2025-12-26T08:19:38.171669,14,8,4,0
ST-313,2025-12-26T08:20:08.426765,14,8,4,0
ST-32,2025-12-26T08:10:07.479837,12,8,4,0
ST-32,2025-12-26T08:16:06.582219,12,8,4,0
ST-32,2025-12-26T08:16:36.862669,13,8,4,0
ST-32,2025-12-26T08:17:07.037557,13,8,4,0
ST-32,2025-12-26T08:17:37.291570,13,8,4,0
ST-32,2025-12-26T08:18:07.534099,13,8,4,0
ST-32,2025-12-26T08:18:37.714255,13,8,4,0
ST-32,2025-12-26T08:19:07.932261,13,8,4,0
ST-32,2025-12-26T08:19:38.171386,13,8,4,0
ST-32,2025-12-26T08:20:08.426597,13,8,4,0
ST-324,2025-12-26T08:10:07.479992,13,8,4,0
ST-324,2025-12-26T08:16:06.582385,13,8,4,0
ST-324,2025-12-26T08:16:36.862846,13,8,4,0
ST-324,2025-12-26T08:17:07.037710,13,8,4,0
ST-324,2025-12-26T08:17:37.291716,13,8,4,0
ST-324,2025-12-26T08:18:07.534277,13,8,4,0
ST-324,2025-12-26T08:18:37.714973,13,8,4,0
ST-324,2025-12-26T08:19:07.932427,13,8,4,0
ST-324,2025-12-26T08:19:38.171699,13,8,4,0
ST-324,2025-12-26T08:20:08.426781,13,8,4,0
ST-328,2025-12-26T08:10:07.479994,27,8,4,0
ST-328,2025-12-26T08:16:06.582386,27,8,4,0
ST-328,2025-12-26T08:16:36.862848,27,8,4,0
ST-328,2025-12-26T08:17:07.037711,27,8,4,0
ST-328,2025-12-26T08:17:37.291717,27,8,4,0
ST-328,2025-12-26T08:18:07.534280,27,8,4,0
ST-328,2025-12-26T08:18:37.714974,27,8,4,0
ST-328,2025-12-26T08:19:07.932429,27,8,4,0
ST-328,2025-12-26T08:19:38.171701,27,8,4,0
ST-328,2025-12-26T08:20:08.426782,27,8,4,0
ST-332,2025-12-26T08:10:07.479995,15,8,4,0
ST-332,2025-12-26T08:16:06.582387,15,8,4,0
ST-332,2025-12-26T08:16:36.862850,15,8,4,0
ST-332,2025-12-26T08:17:07.037713,15,8,4,0
ST-332,2025-12-26T08:17:37.291718,15,8,4,0
ST-332,2025-12-26T08:18:07.534282,15,8,4,0
ST-332,2025-12-26T08:18:37.714976,15,8,4,0
ST-332,2025-12-26T08:19:07.932430,15,8,4,0
ST-332,2025-12-26T08:19:38.171703,15,8,4,0
ST-332,2025-12-26T08:20:08.426783,15,8,4,0
ST-334,2025-12-26T08:10:07.479996,15,8,4,0
ST-334,2025-12-26T08:16:06.582388,15,8,4,0
ST-334,2025-12-26T08:16:36.862851,15,8,4,0
ST-334,2025-12-26T08:17:07.037715,15,8,4,0
ST-334,2025-12-26T08:17:37.291719,15,8,4,0
ST-334,2025-12-26T08:18:07.534283,15,8,4,0
ST-334,2025-12-26T08:18:37.714977,15,8,4,0
ST-334,2025-12-26T08:19:07.932431,15,8,4,0
ST-334,2025-12-26T08:19:38.171705,15,8,4,0
ST-334,2025-12-26T08:20:08.426784,15,8,4,0
ST-336,2025-12-26T08:10:07.479905,27,8,4,0
ST-336,2025-12-26T08:16:06.582291,27,8,4,0
ST-336,2025-12-26T08:16:36.862755,27,8,4,0
ST-336,2025-12-26T08:17:07.037620,27,8,4,0
ST-336,2025-12-26T08:17:37.291637,27,8,4,0
ST-336,2025-12-26T08:18:07.534167,27,8,4,0
ST-336,2025-12-26T08:18:37.714880,27,8,4,0
ST-336,2025-12-26T08:19:07.932336,27,8,4,0
ST-336,2025-12-26T08:19:38.171517,27,8,4,0
ST-336,2025-12-26T08:20:08.426684,27,8,4,0
ST-360,2025-12-26T08:10:07.479953,19,8,4,0
ST-360,2025-12-26T08:16:06.582344,20,8,4,0
ST-360,2025-12-26T08:16:36.862803,20,8,4,0
ST-360,2025-12-26T08:17:07.037668,20,8,4,0
ST-360,2025-12-26T08:17:37.291681,20,8,4,0
ST-360,2025-12-26T08:18:07.534235,20,8,4,0
ST-360,2025-12-26T08:18:37.714932,20,8,4,0
ST-360,2025-12-26T08:19:07.932386,20,8,4,0
ST-360,2025-12-26T08:19:38.171617,20,8,4,0
ST-360,2025-12-26T08:20:08.426738,20,8,4,0
ST-362,2025-12-26T08:10:07.479954,12,8,4,0
ST-362,2025-12-26T08:16:06.582345,12,8,4,0
ST-362,2025-12-26T08:16:36.862804,12,8,4,0
ST-362,2025-12-26T08:17:07.037669,12,8,4,0
ST-362,2025-12-26T08:17:37.291682,12,8,4,0
ST-362,2025-12-26T08:18:07.534237,11,8,4,0
ST-362,2025-12-26T08:18:37.714933,11,8,4,0
ST-362,2025-12-26T08:19:07.932387,11,8,4,0
ST-362,2025-12-26T08:19:38.171619,12,8,4,0
ST-362,2025-12-26T08:20:08.426739,12,8,4,0
ST-365,2025-12-26T08:10:07.479955,11,8,4,0
ST-365,2025-12-26T08:16:06.582346,11,8,4,0
ST-365,2025-12-26T08:16:36.862805,11,8,4,0
ST-365,2025-12-26T08:17:07.037670,11,8,4,0
ST-365,2025-12-26T08:17:37.291683,11,8,4,0
ST-365,2025-12-26T08:18:07.534238,11,8,4,0
ST-365,2025-12-26T08:18:37.714934,11,8,4,0
ST-365,2025-12-26T08:19:07.932389,11,8,4,0
ST-365,2025-12-26T08:19:38.171623,11,8,4,0
ST-365,2025-12-26T08:20:08.426740,11,8,4,0
ST-366,2025-12-26T08:10:07.479956,4,8,4,0
ST-366,2025-12-26T08:16:06.582347,4,8,4,0
ST-366,2025-12-26T08:16:36.862806,4,8,4,0
ST-366,2025-12-26T08:17:07.037672,4,8,4,0
ST-366,2025-12-26T08:17:37.291684,4,8,4,0
ST-366,2025-12-26T08:18:07.534239,4,8,4,0
ST-366,2025-12-26T08:18:37.714935,4,8,4,0
ST-366,2025-12-26T08:19:07.932390,4,8,4,0
ST-366,2025-12-26T08:19:38.171625,4,8,4,0
ST-366,2025-12-26T08:20:08.426741,5,8,4,0
ST-372,2025-12-26T08:10:07.479960,13,8,4,0
ST-372,2025-12-26T08:16:06.582351,13,8,4,0
ST-372,2025-12-26T08:16:36.862812,13,8,4,0
ST-372,2025-12-26T08:17:07.037676,13,8,4,0
ST-372,2025-12-26T08:17:37.291688,13,8,4,0
ST-372,2025-12-26T08:18:07.534242,13,8,4,0
ST-372,2025-12-26T08:18:37.714939,13,8,4,0
ST-372,2025-12-26T08:19:07.932394,13,8,4,0
ST-372,2025-12-26T08:19:38.171633,13,8,4,0
ST-372,2025-12-26T08:20:08.426746,13,8,4,0
ST-385,2025-12-26T08:10:07.479957,30,8,4,0
ST-385,2025-12-26T08:16:06.582349,30,8,4,0
ST-385,2025-12-26T08:16:36.862808,30,8,4,0
ST-385,2025-12-26T08:17:07.037673,30,8,4,0
ST-385,2025-12-26T08:17:37.291685,30,8,4,0
ST-385,2025-12-26T08:18:07.534240,30,8,4,0
ST-385,2025-12-26T08:18:37.714937,30,8,4,0
ST-385,2025-12-26T08:19:07.932391,30,8,4,0
ST-385,2025-12-26T08:19:38.171628,30,8,4,0
ST-385,2025-12-26T08:20:08.426743,30,8,4,0
ST-387,2025-12-26T08:10:07.479959,6,8,4,0
ST-387,2025-12-26T08:16:06.582350,6,8,4,0
ST-387,2025-12-26T08:16:36.862810,6,8,4,0
ST-387,2025-12-26T08:17:07.037675,6,8,4,0
ST-387,2025-12-26T08:17:37.291686,6,8,4,0
ST-387,2025-12-26T08:18:07.534241,6,8,4,0
ST-387,2025-12-26T08:18:37.714938,6,8,4,0
ST-387,2025-12-26T08:19:07.932392,6,8,4,0
ST-387,2025-12-26T08:19:38.171630,6,8,4,0
ST-387,2025-12-26T08:20:08.426744,6,8,4,0
ST-39,2025-12-26T08:10:07.479839,6,8,4,0
ST-39,2025-12-26T08:16:06.582221,6,8,4,0
ST-39,2025-12-26T08:16:36.862670,6,8,4,0
ST-39,2025-12-26T08:17:07.037559,6,8,4,0
ST-39,2025-12-26T08:17:37.291571,6,8,4,0
ST-39,2025-12-26T08:18:07.534102,6,8,4,0
ST-39,2025-12-26T08:18:37.714256,6,8,4,0
ST-39,2025-12-26T08:19:07.932263,6,8,4,0
ST-39,2025-12-26T08:19:38.171389,6,8,4,0
ST-39,2025-12-26T08:20:08.426598,6,8,4,0
ST-398,2025-12-26T08:10:07.479969,13,8,4,0
ST-398,2025-12-26T08:16:06.582361,12,8,4,0
ST-398,2025-12-26T08:16:36.862821,12,8,4,0
ST-398,2025-12-26T08:17:07.037684,12,8,4,0
ST-398,2025-12-26T08:17:37.291695,12,8,4,0
ST-398,2025-12-26T08:18:07.534251,12,8,4,0
ST-398,2025-12-26T08:18:37.714948,12,8,4,0
ST-398,2025-12-26T08:19:07.932403,12,8,4,0
ST-398,2025-12-26T08:19:38.171651,12,8,4,0
ST-398,2025-12-26T08:20:08.426756,12,8,4,0
ST-4,2025-12-26T08:10:07.479808,12,8,4,0
ST-4,2025-12-26T08:16:06.582175,12,8,4,0
ST-4,2025-12-26T08:16:36.862642,12,8,4,0
ST-4,2025-12-26T08:17:07.037532,13,8,4,0
ST-4,2025-12-26T08:17:37.291542,13,8,4,0
ST-4,2025-12-26T08:18:07.534070,13,8,4,0
ST-4,2025-12-26T08:18:37.714153,13,8,4,0
ST-4,2025-12-26T08:19:07.932235,13,8,4,0
ST-4,2025-12-26T08:19:38.171334,13,8,4,0
ST-4,2025-12-26T08:20:08.426569,13,8,4,0
ST-408,2025-12-26T08:10:07.479971,4,8,4,0
ST-408,2025-12-26T08:16:06.582362,4,8,4,0
ST-408,2025-12-26T08:16:36.862823,4,8,4,0
ST-408,2025-12-26T08:17:07.037686,4,8,4,0
ST-408,2025-12-26T08:17:37.291697,3,8,4,0
ST-408,2025-12-26T08:18:07.534253,3,8,4,0
ST-408,2025-12-26T08:18:37.714951,3,8,4,0
ST-408,2025-12-26T08:19:07.932405,3,8,4,0
ST-408,2025-12-26T08:19:38.171654,3,8,4,0
ST-408,2025-12-26T08:20:08.426758,3,8,4,0
ST-409,2025-12-26T08:10:07.479972,4,8,4,0
ST-409,2025-12-26T08:16:06.582364,4,8,4,0
ST-409,2025-12-26T08:16:36.862824,4,8,4,0
ST-409,2025-12-26T08:17:07.037687,4,8,4,0
ST-409,2025-12-26T08:17:37.291698,4,8,4,0
ST-409,2025-12-26T08:18:07.534254,4,8,4,0
ST-409,2025-12-26T08:18:37.714952,4,8,4,0
ST-409,2025-12-26T08:19:07.932406,4,8,4,0
ST-409,2025-12-26T08:19:38.171656,4,8,4,0
ST-409,2025-12-26T08:20:08.426759,4,8,4,0
ST-413,2025-12-26T08:10:07.479866,30,8,4,0
ST-413,2025-12-26T08:16:06.582248,32,8,4,0
ST-413,2025-12-26T08:16:36.862700,32,8,4,0
ST-413,2025-12-26T08:17:07.037584,32,8,4,0
ST-413,2025-12-26T08:17:37.291598,31,8,4,0
ST-413,2025-12-26T08:18:07.534128,31,8,4,0
ST-413,2025-12-26T08:18:37.714289,31,8,4,0
ST-413,2025-12-26T08:19:07.932290,31,8,4,0
ST-413,2025-12-26T08:19:38.171443,31,8,4,0
ST-413,2025-12-26T08:20:08.426642,31,8,4,0
ST-435,2025-12-26T08:10:07.479998,31,8,4,0
ST-435,2025-12-26T08:16:06.582389,31,8,4,0
ST-435,2025-12-26T08:16:36.862852,31,8,4,0
ST-435,2025-12-26T08:17:07.037717,31,8,4,0
ST-435,2025-12-26T08:17:37.291720,31,8,4,0
ST-435,2025-12-26T08:18:07.534284,31,8,4,0
ST-435,2025-12-26T08:18:37.714978,31,8,4,0
ST-435,2025-12-26T08:19:07.932432,31,8,4,0
ST-435,2025-12-26T08:19:38.171707,31,8,4,0
ST-435,2025-12-26T08:20:08.426785,31,8,4,0
ST-436,2025-12-26T08:10:07.479999,1,8,4,0
ST-436,2025-12-26T08:16:06.582390,1,8,4,0
ST-436,2025-12-26T08:16:36.862854,1,8,4,0
ST-436,2025-12-26T08:17:07.037718,1,8,4,0
ST-436,2025-12-26T08:17:37.291721,1,8,4,0
ST-436,2025-12-26T08:18:07.534285,1,8,4,0
ST-436,2025-12-26T08:18:37.714979,1,8,4,0
ST-436,2025-12-26T08:19:07.932433,1,8,4,0
ST-436,2025-12-26T08:19:38.171709,1,8,4,0
ST-436,2025-12-26T08:20:08.426786,1,8,4,0
ST-453,2025-12-26T08:10:07.480015,40,8,4,0
ST-453,2025-12-26T08:16:06.582406,40,8,4,0
ST-453,2025-12-26T08:16:36.862869,40,8,4,0
ST-453,2025-12-26T08:17:07.037734,40,8,4,0
ST-453,2025-12-26T08:17:37.291736,40,8,4,0
ST-453,2025-12-26T08:18:07.534303,40,8,4,0
ST-453,2025-12-26T08:18:37.714995,40,8,4,0
ST-453,2025-12-26T08:19:07.932450,40,8,4,0
ST-453,2025-12-26T08:19:38.171741,40,8,4,0
ST-453,2025-12-26T08:20:08.426805,40,8,4,0
ST-454,2025-12-26T08:10:07.480016,10,8,4,0
ST-454,2025-12-26T08:16:06.582407,10,8,4,0
ST-454,2025-12-26T08:16:36.862870,11,8,4,0
ST-454,2025-12-26T08:17:07.037735,11,8,4,0
ST-454,2025-12-26T08:17:37.291737,11,8,4,0
ST-454,2025-12-26T08:18:07.534305,11,8,4,0
ST-454,2025-12-26T08:18:37.714996,11,8,4,0
ST-454,2025-12-26T08:19:07.932451,11,8,4,0
ST-454,2025-12-26T08:19:38.171743,11,8,4,0
ST-454,2025-12-26T08:20:08.426806,11,8,4,0
ST-456,2025-12-26T08:10:07.480017,9,8,4,0
ST-456,2025-12-26T08:16:06.582409,8,8,4,0
ST-456,2025-12-26T08:16:36.862871,8,8,4,0
ST-456,2025-12-26T08:17:07.037736,8,8,4,0
ST-456,2025-12-26T08:17:37.291738,8,8,4,0
ST-456,2025-12-26T08:18:07.534306,8,8,4,0
ST-456,2025-12-26T08:18:37.714997,8,8,4,0
ST-456,2025-12-26T08:19:07.932452,8,8,4,0
ST-456,2025-12-26T08:19:38.171745,8,8,4,0
ST-456,2025-12-26T08:20:08.426808,8,8,4,0
ST-459,2025-12-26T08:10:07.480018,1,8,4,0
ST-459,2025-12-26T08:16:06.582410,1,8,4,0
ST-459,2025-12-26T08:16:36.862872,1,8,4,0
ST-459,2025-12-26T08:17:07.037737,1,8,4,0
ST-459,2025-12-26T08:17:37.291739,1,8,4,0
ST-459,2025-12-26T08:18:07.534307,2,8,4,0
ST-459,2025-12-26T08:18:37.714998,2,8,4,0
ST-459,2025-12-26T08:19:07.932453,2,8,4,0
ST-459,2025-12-26T08:19:38.171748,2,8,4,0
ST-459,2025-12-26T08:20:08.426810,2,8,4,0
ST-462,2025-12-26T08:10:07.480019,36,8,4,0
ST-462,2025-12-26T08:16:06.582411,37,8,4,0
ST-462,2025-12-26T08:16:36.862874,37,8,4,0
ST-462,2025-12-26T08:17:07.037738,37,8,4,0
ST-462,2025-12-26T08:17:37.291740,37,8,4,0
ST-462,2025-12-26T08:18:07.534308,37,8,4,0
ST-462,2025-12-26T08:18:37.714999,37,8,4,0
ST-462,2025-12-26T08:19:07.932455,37,8,4,0
ST-462,2025-12-26T08:19:38.171751,37,8,4,0
ST-462,2025-12-26T08:20:08.426812,37,8,4,0
ST-463,2025-12-26T08:10:07.480021,13,8,4,0
ST-463,2025-12-26T08:16:06.582412,13,8,4,0
ST-463,2025-12-26T08:16:36.862875,13,8,4,0
ST-463,2025-12-26T08:17:07.037739,13,8,4,0
ST-463,2025-12-26T08:17:37.291741,13,8,4,0
ST-463,2025-12-26T08:18:07.534309,13,8,4,0
ST-463,2025-12-26T08:18:37.715001,13,8,4,0
ST-463,2025-12-26T08:19:07.932456,13,8,4,0
ST-463,2025-12-26T08:19:38.171753,13,8,4,0
ST-463,2025-12-26T08:20:08.426813,13,8,4,0
ST-465,2025-12-26T08:10:07.480022,4,8,4,0
ST-465,2025-12-26T08:16:06.582413,4,8,4,0
ST-465,2025-12-26T08:16:36.862876,4,8,4,0
ST-465,2025-12-26T08:17:07.037741,4,8,4,0
ST-465,2025-12-26T08:17:37.291742,4,8,4,0
ST-465,2025-12-26T08:18:07.534311,4,8,4,0
ST-465,2025-12-26T08:18:37.715002,4,8,4,0
ST-465,2025-12-26T08:19:07.932457,4,8,4,0
ST-465,2025-12-26T08:19:38.171755,4,8,4,0
ST-465,2025-12-26T08:20:08.426815,4,8,4,0
ST-470,2025-12-26T08:10:07.480024,1,8,4,0
ST-470,2025-12-26T08:16:06.582414,1,8,4,0
ST-470,2025-12-26T08:16:36.862877,1,8,4,0
ST-470,2025-12-26T08:17:07.037742,1,8,4,0
ST-470,2025-12-26T08:17:37.291743,1,8,4,0
ST-470,2025-12-26T08:18:07.534312,1,8,4,0
ST-470,2025-12-26T08:18:37.715003,1,8,4,0
ST-470,2025-12-26T08:19:07.932458,1,8,4,0
ST-470,2025-12-26T08:19:38.171757,1,8,4,0
ST-470,2025-12-26T08:20:08.426816,1,8,4,0
ST-473,2025-12-26T08:10:07.480025,4,8,4,0
ST-473,2025-12-26T08:16:06.582430,4,8,4,0
ST-473,2025-12-26T08:16:36.862878,4,8,4,0
ST-473,2025-12-26T08:17:07.037743,4,8,4,0
ST-473,2025-12-26T08:17:37.291744,4,8,4,0
ST-473,2025-12-26T08:18:07.534313,4,8,4,0
ST-473,2025-12-26T08:18:37.715004,4,8,4,0
ST-473,2025-12-26T08:19:07.932459,4,8,4,0
ST-473,2025-12-26T08:19:38.171759,4,8,4,0
ST-473,2025-12-26T08:20:08.426817,4,8,4,0
ST-475,2025-12-26T08:10:07.480026,16,8,4,0
ST-475,2025-12-26T08:16:06.582433,15,8,4,0
ST-475,2025-12-26T08:16:36.862879,15,8,4,0
ST-475,2025-12-26T08:17:07.037744,15,8,4,0
ST-475,2025-12-26T08:17:37.291745,15,8,4,0
ST-475,2025-12-26T08:18:07.534314,15,8,4,0
ST-475,2025-12-26T08:18:37.715006,15,8,4,0
ST-475,2025-12-26T08:19:07.932461,15,8,4,0
ST-475,2025-12-26T08:19:38.171761,15,8,4,0
ST-475,2025-12-26T08:20:08.426819,15,8,4,0
ST-476,2025-12-26T08:10:07.480027,2,8,4,0
ST-476,2025-12-26T08:16:06.582436,2,8,4,0
ST-476,2025-12-26T08:16:36.862880,2,8,4,0
ST-476,2025-12-26T08:17:07.037746,2,8,4,0
ST-476,2025-12-26T08:17:37.291746,2,8,4,0
ST-476,2025-12-26T08:18:07.534315,2,8,4,0
ST-476,2025-12-26T08:18:37.715007,2,8,4,0
ST-476,2025-12-26T08:19:07.932462,2,8,4,0
ST-476,2025-12-26T08:19:38.171763,2,8,4,0
ST-476,2025-12-26T08:20:08.426820,2,8,4,0
ST-479,2025-12-26T08:10:07.480028,6,8,4,0
ST-479,2025-12-26T08:16:06.582437,6,8,4,0
ST-479,2025-12-26T08:16:36.862883,6,8,4,0
ST-479,2025-12-26T08:17:07.037747,7,8,4,0
ST-479,2025-12-26T08:17:37.291747,7,8,4,0
ST-479,2025-12-26T08:18:07.534316,7,8,4,0
ST-479,2025-12-26T08:18:37.715008,7,8,4,0
ST-479,2025-12-26T08:19:07.932463,7,8,4,0
ST-479,2025-12-26T08:19:38.171766,7,8,4,0
ST-479,2025-12-26T08:20:08.426821,7,8,4,0
ST-481,2025-12-26T08:10:07.480030,7,8,4,0
ST-481,2025-12-26T08:16:06.582438,7,8,4,0
ST-481,2025-12-26T08:16:36.862884,7,8,4,0
ST-481,2025-12-26T08:17:07.037748,7,8,4,0
ST-481,2025-12-26T08:17:37.291748,7,8,4,0
ST-481,2025-12-26T08:18:07.534318,7,8,4,0
ST-481,2025-12-26T08:18:37.715009,7,8,4,0
ST-481,2025-12-26T08:19:07.932464,7,8,4,0
ST-481,2025-12-26T08:19:38.171768,7,8,4,0
ST-481,2025-12-26T08:20:08.426822,7,8,4,0
ST-483,2025-12-26T08:10:07.479962,1,8,4,0
ST-483,2025-12-26T08:16:06.582353,1,8,4,0
ST-483,2025-12-26T08:16:36.862813,1,8,4,0
ST-483,2025-12-26T08:17:07.037677,1,8,4,0
ST-483,2025-12-26T08:17:37.291689,1,8,4,0
ST-483,2025-12-26T08:18:07.534244,1,8,4,0
ST-483,2025-12-26T08:18:37.714941,1,8,4,0
ST-483,2025-12-26T08:19:07.932396,1,8,4,0
ST-483,2025-12-26T08:19:38.171636,1,8,4,0
ST-483,2025-12-26T08:20:08.426747,1,8,4,0
ST-492,2025-12-26T08:10:07.480042,8,8,4,0
ST-492,2025-12-26T08:16:06.582452,9,8,4,0
ST-492,2025-12-26T08:16:36.862896,9,8,4,0
ST-492,2025-12-26T08:17:07.037777,9,8,4,0
ST-492,2025-12-26T08:17:37.291759,9,8,4,0
ST-492,2025-12-26T08:18:07.534330,9,8,4,0
ST-492,2025-12-26T08:18:37.715021,9,8,4,0
ST-492,2025-12-26T08:19:07.932476,9,8,4,0
ST-492,2025-12-26T08:19:38.171864,9,8,4,0
ST-492,2025-12-26T08:20:08.426834,9,8,4,0
ST-493,2025-12-26T08:10:07.480043,23,8,4,0
ST-493,2025-12-26T08:16:06.582453,23,8,4,0
ST-493,2025-12-26T08:16:36.862897,23,8,4,0
ST-493,2025-12-26T08:17:07.037778,23,8,4,0
ST-493,2025-12-26T08:17:37.291760,23,8,4,0
ST-493,2025-12-26T08:18:07.534331,23,8,4,0
ST-493,2025-12-26T08:18:37.715022,22,8,4,0
ST-493,2025-12-26T08:19:07.932477,22,8,4,0
ST-493,2025-12-26T08:19:38.171866,22,8,4,0
ST-493,2025-12-26T08:20:08.426835,22,8,4,0
ST-496,2025-12-26T08:10:07.480044,1,8,4,0
ST-496,2025-12-26T08:16:06.582454,0,8,4,0
ST-496,2025-12-26T08:16:36.862899,0,8,4,0
ST-496,2025-12-26T08:17:07.037779,0,8,4,0
ST-496,2025-12-26T08:17:37.291761,0,8,4,0
ST-496,2025-12-26T08:18:07.534333,0,8,4,0
ST-496,2025-12-26T08:18:37.715023,0,8,4,0
ST-496,2025-12-26T08:19:07.932479,0,8,4,0
ST-496,2025-12-26T08:19:38.171869,0,8,4,0
ST-496,2025-12-26T08:20:08.426836,0,8,4,0
ST-497,2025-12-26T08:10:07.480045,7,8,4,0
ST-497,2025-12-26T08:16:06.582455,7,8,4,0
ST-497,2025-12-26T08:16:36.862900,7,8,4,0
ST-497,2025-12-26T08:17:07.037780,7,8,4,0
ST-497,2025-12-26T08:17:37.291762,7,8,4,0
ST-497,2025-12-26T08:18:07.534334,7,8,4,0
ST-497,2025-12-26T08:18:37.715024,7,8,4,0
ST-497,2025-12-26T08:19:07.932480,7,8,4,0
ST-497,2025-12-26T08:19:38.171871,7,8,4,0
ST-497,2025-12-26T08:20:08.426837,7,8,4,0
ST-5,2025-12-26T08:10:07.479822,12,8,4,0
ST-5,2025-12-26T08:16:06.582187,12,8,4,0
ST-5,2025-12-26T08:16:36.862655,12,8,4,0
ST-5,2025-12-26T08:17:07.037545,12,8,4,0
ST-5,2025-12-26T08:17:37.291556,12,8,4,0
ST-5,2025-12-26T08:18:07.534084,12,8,4,0
ST-5,2025-12-26T08:18:37.714224,12,8,4,0
ST-5,2025-12-26T08:19:07.932247,12,8,4,0
ST-5,2025-12-26T08:19:38.171357,13,8,4,0
ST-5,2025-12-26T08:20:08.426583,13,8,4,0
ST-50,2025-12-26T08:10:07.479861,30,8,4,0
ST-50,2025-12-26T08:16:06.582243,31,8,4,0
ST-50,2025-12-26T08:16:36.862694,31,8,4,0
ST-50,2025-12-26T08:17:07.037579,31,8,4,0
ST-50,2025-12-26T08:17:37.291593,31,8,4,0
ST-50,2025-12-26T08:18:07.534122,31,8,4,0
ST-50,2025-12-26T08:18:37.714282,31,8,4,0
ST-50,2025-12-26T08:19:07.932284,31,8,4,0
ST-50,2025-12-26T08:19:38.171430,31,8,4,0
ST-50,2025-12-26T08:20:08.426622,31,8,4,0
ST-506,2025-12-26T08:10:07.479963,19,8,4,0
ST-506,2025-12-26T08:16:06.582354,18,8,4,0
ST-506,2025-12-26T08:16:36.862814,18,8,4,0
ST-506,2025-12-26T08:17:07.037678,18,8,4,0
ST-506,2025-12-26T08:17:37.291690,18,8,4,0
ST-506,2025-12-26T08:18:07.534245,18,8,4,0
ST-506,2025-12-26T08:18:37.714942,18,8,4,0
ST-506,2025-12-26T08:19:07.932397,18,8,4,0
ST-506,2025-12-26T08:19:38.171638,18,8,4,0
ST-506,2025-12-26T08:20:08.426749,18,8,4,0
ST-51,2025-12-26T08:10:07.479860,10,8,4,0
ST-51,2025-12-26T08:16:06.582242,10,8,4,0
ST-51,2025-12-26T08:16:36.862693,10,8,4,0
ST-51,2025-12-26T08:17:07.037578,10,8,4,0
ST-51,2025-12-26T08:17:37.291591,10,8,4,0
ST-51,2025-12-26T08:18:07.534121,9,8,4,0
ST-51,2025-12-26T08:18:37.714281,9,8,4,0
ST-51,2025-12-26T08:19:07.932283,9,8,4,0
ST-51,2025-12-26T08:19:38.171428,9,8,4,0
ST-51,2025-12-26T08:20:08.426621,9,8,4,0
ST-510,2025-12-26T08:10:07.480057,1,8,4,0
ST-510,2025-12-26T08:16:06.582467,1,8,4,0
ST-510,2025-12-26T08:16:36.862913,1,8,4,0
ST-510,2025-12-26T08:17:07.037793,1,8,4,0
ST-510,2025-12-26T08:17:37.291773,1,8,4,0
ST-510,2025-12-26T08:18:07.534348,1,8,4,0
ST-510,2025-12-26T08:18:37.715038,1,8,4,0
ST-510,2025-12-26T08:19:07.932492,1,8,4,0
ST-510,2025-12-26T08:19:38.171899,1,8,4,0
ST-510,2025-12-26T08:20:08.426850,1,8,4,0
ST-511,2025-12-26T08:10:07.480058,1,8,4,0
ST-511,2025-12-26T08:16:06.582468,1,8,4,0
ST-511,2025-12-26T08:16:36.862914,1,8,4,0
ST-511,2025-12-26T08:17:07.037794,1,8,4,0
ST-511,2025-12-26T08:17:37.291774,1,8,4,0
ST-511,2025-12-26T08:18:07.534349,1,8,4,0
ST-511,2025-12-26T08:18:37.715039,1,8,4,0
ST-511,2025-12-26T08:19:07.932494,1,8,4,0
ST-511,2025-12-26T08:19:38.171901,1,8,4,0
ST-511,2025-12-26T08:20:08.426851,1,8,4,0
ST-516,2025-12-26T08:10:07.480060,7,8,4,0
ST-516,2025-12-26T08:16:06.582469,5,8,4,0
ST-516,2025-12-26T08:16:36.862916,5,8,4,0
ST-516,2025-12-26T08:17:07.037795,5,8,4,0
ST-516,2025-12-26T08:17:37.291775,5,8,4,0
ST-516,2025-12-26T08:18:07.534351,5,8,4,0
ST-516,2025-12-26T08:18:37.715041,5,8,4,0
ST-516,2025-12-26T08:19:07.932495,5,8,4,0
ST-516,2025-12-26T08:19:38.171905,5,8,4,0
ST-516,2025-12-26T08:20:08.426852,5,8,4,0
ST-522,2025-12-26T08:10:07.480061,13,8,4,0
ST-522,2025-12-26T08:16:06.582471,13,8,4,0
ST-522,2025-12-26T08:16:36.862917,13,8,4,0
ST-522,2025-12-26T08:17:07.037797,13,8,4,0
ST-522,2025-12-26T08:17:37.291777,13,8,4,0
ST-522,2025-12-26T08:18:07.534352,13,8,4,0
ST-522,2025-12-26T08:18:37.715042,13,8,4,0
ST-522,2025-12-26T08:19:07.932496,13,8,4,0
ST-522,2025-12-26T08:19:38.171907,13,8,4,0
ST-522,2025-12-26T08:20:08.426855,13,8,4,0
ST-523,2025-12-26T08:10:07.480062,16,8,4,0
ST-523,2025-12-26T08:16:06.582472,16,8,4,0
ST-523,2025-12-26T08:16:36.862964,16,8,4,0
ST-523,2025-12-26T08:17:07.037798,16,8,4,0
ST-523,2025-12-26T08:17:37.291778,16,8,4,0
ST-523,2025-12-26T08:18:07.534353,16,8,4,0
ST-523,2025-12-26T08:18:37.715043,16,8,4,0
ST-523,2025-12-26T08:19:07.932497,16,8,4,0
ST-523,2025-12-26T08:19:38.171909,16,8,4,0
ST-523,2025-12-26T08:20:08.426856,16,8,4,0
ST-524,2025-12-26T08:10:07.480063,4,8,4,0
ST-524,2025-12-26T08:16:06.582473,3,8,4,0
ST-524,2025-12-26T08:16:36.862966,3,8,4,0
ST-524,2025-12-26T08:17:07.037800,3,8,4,0
ST-524,2025-12-26T08:17:37.291779,3,8,4,0
ST-524,2025-12-26T08:18:07.534355,3,8,4,0
ST-524,2025-12-26T08:18:37.715044,3,8,4,0
ST-524,2025-12-26T08:19:07.932498,3,8,4,0
ST-524,2025-12-26T08:19:38.171911,3,8,4,0
ST-524,2025-12-26T08:20:08.426857,3,8,4,0
ST-525,2025-12-26T08:10:07.480065,5,8,4,0
ST-525,2025-12-26T08:16:06.582475,5,8,4,0
ST-525,2025-12-26T08:16:36.862970,5,8,4,0
ST-525,2025-12-26T08:17:07.037802,5,8,4,0
ST-525,2025-12-26T08:17:37.291781,5,8,4,0
ST-525,2025-12-26T08:18:07.534357,5,8,4,0
ST-525,2025-12-26T08:18:37.715046,5,8,4,0
ST-525,2025-12-26T08:19:07.932501,5,8,4,0
ST-525,2025-12-26T08:19:38.171916,5,8,4,0
ST-525,2025-12-26T08:20:08.426859,5,8,4,0
ST-528,2025-12-26T08:10:07.480066,10,8,4,0
ST-528,2025-12-26T08:16:06.582476,10,8,4,0
ST-528,2025-12-26T08:16:36.862972,10,8,4,0
ST-528,2025-12-26T08:17:07.037803,10,8,4,0
ST-528,2025-12-26T08:17:37.291782,10,8,4,0
ST-528,2025-12-26T08:18:07.534358,10,8,4,0
ST-528,2025-12-26T08:18:37.715047,10,8,4,0
ST-528,2025-12-26T08:19:07.932502,10,8,4,0
ST-528,2025-12-26T08:19:38.171918,10,8,4,0
ST-528,2025-12-26T08:20:08.426860,10,8,4,0
ST-539,2025-12-26T08:10:07.480086,1,8,4,0
ST-539,2025-12-26T08:16:06.582498,2,8,4,0
ST-539,2025-12-26T08:16:36.862995,2,8,4,0
ST-539,2025-12-26T08:17:07.037823,2,8,4,0
ST-539,2025-12-26T08:17:37.291800,2,8,4,0
ST-539,2025-12-26T08:18:07.534380,2,8,4,0
ST-539,2025-12-26T08:18:37.715069,2,8,4,0
ST-539,2025-12-26T08:19:07.932523,3,8,4,0
ST-539,2025-12-26T08:19:38.171962,3,8,4,0
ST-539,2025-12-26T08:20:08.426882,3,8,4,0
ST-540,2025-12-26T08:10:07.480087,56,8,4,0
ST-540,2025-12-26T08:16:06.582499,56,8,4,0
ST-540,2025-12-26T08:16:36.862997,56,8,4,0
ST-540,2025-12-26T08:17:07.037824,56,8,4,0
ST-540,2025-12-26T08:17:37.291801,56,8,4,0
ST-540,2025-12-26T08:18:07.534381,56,8,4,0
ST-540,2025-12-26T08:18:37.715070,56,8,4,0
ST-540,2025-12-26T08:19:07.932524,56,8,4,0
ST-540,2025-12-26T08:19:38.171964,56,8,4,0
ST-540,2025-12-26T08:20:08.426883,56,8,4,0
ST-542,2025-12-26T08:10:07.480088,6,8,4,0
ST-542,2025-12-26T08:16:06.582500,6,8,4,0
ST-542,2025-12-26T08:16:36.862998,6,8,4,0
ST-542,2025-12-26T08:17:07.037825,6,8,4,0
ST-542,2025-12-26T08:17:37.291802,6,8,4,0
ST-542,2025-12-26T08:18:07.534383,6,8,4,0
ST-542,2025-12-26T08:18:37.715071,6,8,4,0
ST-542,2025-12-26T08:19:07.932525,6,8,4,0
ST-542,2025-12-26T08:19:38.171967,6,8,4,0
ST-542,2025-12-26T08:20:08.426884,6,8,4,0
ST-544,2025-12-26T08:10:07.480093,4,8,4,0
ST-544,2025-12-26T08:16:06.582505,4,8,4,0
ST-544,2025-12-26T08:16:36.863002,4,8,4,0
ST-544,2025-12-26T08:17:07.037830,4,8,4,0
ST-544,2025-12-26T08:17:37.291806,4,8,4,0
ST-544,2025-12-26T08:18:07.534388,4,8,4,0
ST-544,2025-12-26T08:18:37.715076,4,8,4,0
ST-544,2025-12-26T08:19:07.932530,3,8,4,0
ST-544,2025-12-26T08:19:38.171976,3,8,4,0
ST-544,2025-12-26T08:20:08.426889,3,8,4,0
ST-547,2025-12-26T08:10:07.480097,53,8,4,0
ST-547,2025-12-26T08:16:06.582509,52,8,4,0
ST-547,2025-12-26T08:16:36.863007,52,8,4,0
ST-547,2025-12-26T08:17:07.037833,52,8,4,0
ST-547,2025-12-26T08:17:37.291809,52,8,4,0
ST-547,2025-12-26T08:18:07.534392,53,8,4,0
ST-547,2025-12-26T08:18:37.715079,53,8,4,0
ST-547,2025-12-26T08:19:07.932533,53,8,4,0
ST-547,2025-12-26T08:19:38.171983,53,8,4,0
ST-547,2025-12-26T08:20:08.426893,53,8,4,0
ST-563,2025-12-26T08:10:07.480111,9,8,4,0
ST-563,2025-12-26T08:16:06.582526,9,8,4,0
ST-563,2025-12-26T08:16:36.863022,9,8,4,0
ST-563,2025-12-26T08:17:07.037847,9,8,4,0
ST-563,2025-12-26T08:17:37.291822,9,8,4,0
ST-563,2025-12-26T08:18:07.534407,9,8,4,0
ST-563,2025-12-26T08:18:37.715095,9,8,4,0
ST-563,2025-12-26T08:19:07.932549,9,8,4,0
ST-563,2025-12-26T08:19:38.172017,9,8,4,0
ST-563,2025-12-26T08:20:08.426910,9,8,4,0
ST-568,2025-12-26T08:10:07.480128,8,8,4,0
ST-568,2025-12-26T08:16:06.582542,8,8,4,0
ST-568,2025-12-26T08:16:36.863039,8,8,4,0
ST-568,2025-12-26T08:17:07.037863,8,8,4,0
ST-568,2025-12-26T08:17:37.291840,8,8,4,0
ST-568,2025-12-26T08:18:07.534425,8,8,4,0
ST-568,2025-12-26T08:18:37.715114,8,8,4,0
ST-568,2025-12-26T08:19:07.932566,8,8,4,0
ST-568,2025-12-26T08:19:38.172054,8,8,4,0
ST-568,2025-12-26T08:20:08.426926,8,8,4,0
ST-570,2025-12-26T08:10:07.480130,14,8,4,0
ST-570,2025-12-26T08:16:06.582544,14,8,4,0
ST-570,2025-12-26T08:16:36.863041,14,8,4,0
ST-570,2025-12-26T08:17:07.037865,14,8,4,0
ST-570,2025-12-26T08:17:37.291842,14,8,4,0
ST-570,2025-12-26T08:18:07.534428,14,8,4,0
ST-570,2025-12-26T08:18:37.715116,14,8,4,0
ST-570,2025-12-26T08:19:07.932568,13,8,4,0
ST-570,2025-12-26T08:19:38.172059,13,8,4,0
ST-570,2025-12-26T08:20:08.426928,13,8,4,0
ST-571,2025-12-26T08:10:07.480113,9,8,4,0
ST-571,2025-12-26T08:16:06.582527,9,8,4,0
ST-571,2025-12-26T08:16:36.863023,9,8,4,0
ST-571,2025-12-26T08:17:07.037848,8,8,4,0
ST-571,2025-12-26T08:17:37.291824,8,8,4,0
ST-571,2025-12-26T08:18:07.534410,8,8,4,0
ST-571,2025-12-26T08:18:37.715097,8,8,4,0
ST-571,2025-12-26T08:19:07.932550,8,8,4,0
ST-571,2025-12-26T08:19:38.172020,8,8,4,0
ST-571,2025-12-26T08:20:08.426911,8,8,4,0
ST-572,2025-12-26T08:10:07.480114,5,8,4,0
ST-572,2025-12-26T08:16:06.582528,5,8,4,0
ST-572,2025-12-26T08:16:36.863024,5,8,4,0
ST-572,2025-12-26T08:17:07.037849,6,8,4,0
ST-572,2025-12-26T08:17:37.291825,6,8,4,0
ST-572,2025-12-26T08:18:07.534411,6,8,4,0
ST-572,2025-12-26T08:18:37.715098,6,8,4,0
ST-572,2025-12-26T08:19:07.932551,6,8,4,0
ST-572,2025-12-26T08:19:38.172022,6,8,4,0
ST-572,2025-12-26T08:20:08.426912,6,8,4,0
ST-574,2025-12-26T08:10:07.480115,4,8,4,0
ST-574,2025-12-26T08:16:06.582529,4,8,4,0
ST-574,2025-12-26T08:16:36.863025,4,8,4,0
ST-574,2025-12-26T08:17:07.037850,4,8,4,0
ST-574,2025-12-26T08:17:37.291826,4,8,4,0
ST-574,2025-12-26T08:18:07.534412,4,8,4,0
ST-574,2025-12-26T08:18:37.715099,4,8,4,0
ST-574,2025-12-26T08:19:07.932552,4,8,4,0
ST-574,2025-12-26T08:19:38.172024,4,8,4,0
ST-574,2025-12-26T08:20:08.426913,4,8,4,0
ST-578,2025-12-26T08:10:07.480117,8,8,4,0
ST-578,2025-12-26T08:16:06.582531,8,8,4,0
ST-578,2025-12-26T08:16:36.863028,8,8,4,0
ST-578,2025-12-26T08:17:07.037852,8,8,4,0
ST-578,2025-12-26T08:17:37.291827,8,8,4,0
ST-578,2025-12-26T08:18:07.534414,8,8,4,0
ST-578,2025-12-26T08:18:37.715102,8,8,4,0
ST-578,2025-12-26T08:19:07.932555,8,8,4,0
ST-578,2025-12-26T08:19:38.172029,8,8,4,0
ST-578,2025-12-26T08:20:08.426915,8,8,4,0
ST-586,2025-12-26T08:10:07.480133,4,8,4,0
ST-586,2025-12-26T08:16:06.582548,4,8,4,0
ST-586,2025-12-26T08:16:36.863045,4,8,4,0
ST-586,2025-12-26T08:17:07.037868,4,8,4,0
ST-586,2025-12-26T08:17:37.291847,4,8,4,0
ST-586,2025-12-26T08:18:07.534432,4,8,4,0
ST-586,2025-12-26T08:18:37.715120,4,8,4,0
ST-586,2025-12-26T08:19:07.932572,4,8,4,0
ST-586,2025-12-26T08:19:38.172066,4,8,4,0
ST-586,2025-12-26T08:20:08.426932,4,8,4,0
ST-588,2025-12-26T08:10:07.480134,15,8,4,0
ST-588,2025-12-26T08:16:06.582549,15,8,4,0
ST-588,2025-12-26T08:16:36.863046,15,8,4,0
ST-588,2025-12-26T08:17:07.037870,15,8,4,0
ST-588,2025-12-26T08:17:37.291848,15,8,4,0
ST-588,2025-12-26T08:18:07.534433,15,8,4,0
ST-588,2025-12-26T08:18:37.715121,15,8,4,0
ST-588,2025-12-26T08:19:07.932573,15,8,4,0
ST-588,2025-12-26T08:19:38.172068,15,8,4,0
ST-588,2025-12-26T08:20:08.426933,15,8,4,0
ST-6,2025-12-26T08:10:07.479823,12,8,4,0
ST-6,2025-12-26T08:16:06.582189,12,8,4,0
ST-6,2025-12-26T08:16:36.862657,12,8,4,0
ST-6,2025-12-26T08:17:07.037546,12,8,4,0
ST-6,2025-12-26T08:17:37.291557,12,8,4,0
ST-6,2025-12-26T08:18:07.534085,12,8,4,0
ST-6,2025-12-26T08:18:37.714238,12,8,4,0
ST-6,2025-12-26T08:19:07.932249,12,8,4,0
ST-6,2025-12-26T08:19:38.171360,12,8,4,0
ST-6,2025-12-26T08:20:08.426585,12,8,4,0
ST-643,2025-12-26T08:10:07.480149,61,8,4,0
ST-643,2025-12-26T08:16:06.582572,61,8,4,0
ST-643,2025-12-26T08:16:36.863063,61,8,4,0
ST-643,2025-12-26T08:17:07.037884,61,8,4,0
ST-643,2025-12-26T08:17:37.291863,61,8,4,0
ST-643,2025-12-26T08:18:07.534448,61,8,4,0
ST-643,2025-12-26T08:18:37.715137,61,8,4,0
ST-643,2025-12-26T08:19:07.932588,61,8,4,0
ST-643,2025-12-26T08:19:38.172101,61,8,4,0
ST-643,2025-12-26T08:20:08.426950,61,8,4,0
ST-7,2025-12-26T08:10:07.479824,3,8,4,0
ST-7,2025-12-26T08:16:06.582190,3,8,4,0
ST-7,2025-12-26T08:16:36.862658,3,8,4,0
ST-7,2025-12-26T08:17:07.037547,3,8,4,0
ST-7,2025-12-26T08:17:37.291558,3,8,4,0
ST-7,2025-12-26T08:18:07.534087,3,8,4,0
ST-7,2025-12-26T08:18:37.714239,3,8,4,0
ST-7,2025-12-26T08:19:07.932250,3,8,4,0
ST-7,2025-12-26T08:19:38.171362,3,8,4,0
ST-7,2025-12-26T08:20:08.426586,3,8,4,0
ST-72,2025-12-26T08:10:07.479864,12,8,4,0
ST-72,2025-12-26T08:16:06.582246,12,8,4,0
ST-72,2025-12-26T08:16:36.862698,12,8,4,0
ST-72,2025-12-26T08:17:07.037582,12,8,4,0
ST-72,2025-12-26T08:17:37.291596,12,8,4,0
ST-72,2025-12-26T08:18:07.534126,12,8,4,0
ST-72,2025-12-26T08:18:37.714286,12,8,4,0
ST-72,2025-12-26T08:19:07.932288,12,8,4,0
ST-72,2025-12-26T08:19:38.171438,12,8,4,0
ST-72,2025-12-26T08:20:08.426640,12,8,4,0
ST-73,2025-12-26T08:10:07.479862,10,8,4,0
ST-73,2025-12-26T08:16:06.582244,11,8,4,0
ST-73,2025-12-26T08:16:36.862696,11,8,4,0
ST-73,2025-12-26T08:17:07.037580,11,8,4,0
ST-73,2025-12-26T08:17:37.291594,11,8,4,0
ST-73,2025-12-26T08:18:07.534124,11,8,4,0
ST-73,2025-12-26T08:18:37.714284,10,8,4,0
ST-73,2025-12-26T08:19:07.932286,10,8,4,0
ST-73,2025-12-26T08:19:38.171434,10,8,4,0
ST-73,2025-12-26T08:20:08.426636,10,8,4,0
ST-740,2025-12-26T08:10:07.480091,3,8,4,0
ST-740,2025-12-26T08:16:06.582504,2,8,4,0
ST-740,2025-12-26T08:16:36.863001,2,8,4,0
ST-740,2025-12-26T08:17:07.037828,2,8,4,0
ST-740,2025-12-26T08:17:37.291805,2,8,4,0
ST-740,2025-12-26T08:18:07.534387,2,8,4,0
ST-740,2025-12-26T08:18:37.715075,2,8,4,0
ST-740,2025-12-26T08:19:07.932529,2,8,4,0
ST-740,2025-12-26T08:19:38.171974,2,8,4,0
ST-740,2025-12-26T08:20:08.426888,2,8,4,0
ST-8,2025-12-26T08:10:07.479826,1,8,4,0
ST-8,2025-12-26T08:16:06.582193,1,8,4,0
ST-8,2025-12-26T08:16:36.862659,1,8,4,0
ST-8,2025-12-26T08:17:07.037548,1,8,4,0
ST-8,2025-12-26T08:17:37.291559,1,8,4,0
ST-8,2025-12-26T08:18:07.534088,1,8,4,0
ST-8,2025-12-26T08:18:37.714241,1,8,4,0
ST-8,2025-12-26T08:19:07.932251,1,8,4,0
ST-8,2025-12-26T08:19:38.171365,1,8,4,0
ST-8,2025-12-26T08:20:08.426587,1,8,4,0
ST-825,2025-12-26T08:10:07.480109,12,8,4,0
ST-825,2025-12-26T08:16:06.582522,12,8,4,0
ST-825,2025-12-26T08:16:36.863019,12,8,4,0
ST-825,2025-12-26T08:17:07.037844,12,8,4,0
ST-825,2025-12-26T08:17:37.291820,12,8,4,0
ST-825,2025-12-26T08:18:07.534404,12,8,4,0
ST-825,2025-12-26T08:18:37.715092,12,8,4,0
ST-825,2025-12-26T08:19:07.932546,12,8,4,0
ST-825,2025-12-26T08:19:38.172011,12,8,4,0
ST-825,2025-12-26T08:20:08.426907,12,8,4,0
ST-829,2025-12-26T08:10:07.480064,1,8,4,0
ST-829,2025-12-26T08:16:06.582474,0,8,4,0
ST-829,2025-12-26T08:16:36.862968,0,8,4,0
ST-829,2025-12-26T08:17:07.037801,0,8,4,0
ST-829,2025-12-26T08:17:37.291780,0,8,4,0
ST-829,2025-12-26T08:18:07.534356,0,8,4,0
ST-829,2025-12-26T08:18:37.715045,0,8,4,0
ST-829,2025-12-26T08:19:07.932499,0,8,4,0
ST-829,2025-12-26T08:19:38.171913,0,8,4,0
ST-829,2025-12-26T08:20:08.426858,0,8,4,0
ST-831,2025-12-26T08:10:07.480056,15,8,4,0
ST-831,2025-12-26T08:16:06.582466,15,8,4,0
ST-831,2025-12-26T08:16:36.862911,15,8,4,0
ST-831,2025-12-26T08:17:07.037791,15,8,4,0
ST-831,2025-12-26T08:17:37.291772,15,8,4,0
ST-831,2025-12-26T08:18:07.534347,16,8,4,0
ST-831,2025-12-26T08:18:37.715036,16,8,4,0
ST-831,2025-12-26T08:19:07.932491,16,8,4,0
ST-831,2025-12-26T08:19:38.171896,16,8,4,0
ST-831,2025-12-26T08:20:08.426848,16,8,4,0
ST-838,2025-12-26T08:10:07.480084,25,8,4,0
ST-838,2025-12-26T08:16:06.582496,25,8,4,0
ST-838,2025-12-26T08:16:36.862993,25,8,4,0
ST-838,2025-12-26T08:17:07.037821,25,8,4,0
ST-838,2025-12-26T08:17:37.291798,25,8,4,0
ST-838,2025-12-26T08:18:07.534377,25,8,4,0
ST-838,2025-12-26T08:18:37.715066,25,8,4,0
ST-838,2025-12-26T08:19:07.932521,24,8,4,0
ST-838,2025-12-26T08:19:38.171956,24,8,4,0
ST-838,2025-12-26T08:20:08.426880,24,8,4,0
ST-839,2025-12-26T08:10:07.480090,21,8,4,0
ST-839,2025-12-26T08:16:06.582503,22,8,4,0
ST-839,2025-12-26T08:16:36.863000,22,8,4,0
ST-839,2025-12-26T08:17:07.037827,22,8,4,0
ST-839,2025-12-26T08:17:37.291804,22,8,4,0
ST-839,2025-12-26T08:18:07.534386,22,8,4,0
ST-839,2025-12-26T08:18:37.715073,22,8,4,0
ST-839,2025-12-26T08:19:07.932528,22,8,4,0
ST-839,2025-12-26T08:19:38.171972,22,8,4,0
ST-839,2025-12-26T08:20:08.426887,22,8,4,0
ST-840,2025-12-26T08:10:07.480099,49,8,4,0
ST-840,2025-12-26T08:16:06.582512,50,8,4,0
ST-840,2025-12-26T08:16:36.863010,50,8,4,0
ST-840,2025-12-26T08:17:07.037835,50,8,4,0
ST-840,2025-12-26T08:17:37.291811,50,8,4,0
ST-840,2025-12-26T08:18:07.534394,50,8,4,0
ST-840,2025-12-26T08:18:37.715082,50,8,4,0
ST-840,2025-12-26T08:19:07.932536,50,8,4,0
ST-840,2025-12-26T08:19:38.171988,50,8,4,0
ST-840,2025-12-26T08:20:08.426896,50,8,4,0
ST-842,2025-12-26T08:10:07.480110,15,8,4,0
ST-842,2025-12-26T08:16:06.582524,15,8,4,0
ST-842,2025-12-26T08:16:36.863021,15,8,4,0
ST-842,2025-12-26T08:17:07.037846,15,8,4,0
ST-842,2025-12-26T08:17:37.291821,15,8,4,0
ST-842,2025-12-26T08:18:07.534406,15,8,4,0
ST-842,2025-12-26T08:18:37.715094,15,8,4,0
ST-842,2025-12-26T08:19:07.932547,15,8,4,0
ST-842,2025-12-26T08:19:38.172014,15,8,4,0
ST-842,2025-12-26T08:20:08.426908,15,8,4,0
ST-847,2025-12-26T08:10:07.480129,30,8,4,0
ST-847,2025-12-26T08:16:06.582543,30,8,4,0
ST-847,2025-12-26T08:16:36.863040,30,8,4,0
ST-847,2025-12-26T08:17:07.037864,29,8,4,0
ST-847,2025-12-26T08:17:37.291841,29,8,4,0
ST-847,2025-12-26T08:18:07.534427,29,8,4,0
ST-847,2025-12-26T08:18:37.715115,29,8,4,0
ST-847,2025-12-26T08:19:07.932567,29,8,4,0
ST-847,2025-12-26T08:19:38.172057,29,8,4,0
ST-847,2025-12-26T08:20:08.426927,29,8,4,0
ST-849,2025-12-26T08:10:07.480131,10,8,4,0
ST-849,2025-12-26T08:16:06.582545,10,8,4,0
ST-849,2025-12-26T08:16:36.863043,10,8,4,0
ST-849,2025-12-26T08:17:07.037866,10,8,4,0
ST-849,2025-12-26T08:17:37.291844,10,8,4,0
ST-849,2025-12-26T08:18:07.534430,10,8,4,0
ST-849,2025-12-26T08:18:37.715117,10,8,4,0
ST-849,2025-12-26T08:19:07.932569,10,8,4,0
ST-849,2025-12-26T08:19:38.172061,10,8,4,0
ST-849,2025-12-26T08:20:08.426930,10,8,4,0
ST-850,2025-12-26T08:10:07.480132,5,8,4,0
ST-850,2025-12-26T08:16:06.582546,5,8,4,0
ST-850,2025-12-26T08:16:36.863044,5,8,4,0
ST-850,2025-12-26T08:17:07.037867,5,8,4,0
ST-850,2025-12-26T08:17:37.291845,5,8,4,0
ST-850,2025-12-26T08:18:07.534431,5,8,4,0
ST-850,2025-12-26T08:18:37.715118,5,8,4,0
ST-850,2025-12-26T08:19:07.932570,5,8,4,0
ST-850,2025-12-26T08:19:38.172063,5,8,4,0
ST-850,2025-12-26T08:20:08.426931,5,8,4,0
ST-852,2025-12-26T08:10:07.480136,1,8,4,0
ST-852,2025-12-26T08:16:06.582550,1,8,4,0
ST-852,2025-12-26T08:16:36.863048,1,8,4,0
ST-852,2025-12-26T08:17:07.037871,1,8,4,0
ST-852,2025-12-26T08:17:37.291849,1,8,4,0
ST-852,2025-12-26T08:18:07.534434,1,8,4,0
ST-852,2025-12-26T08:18:37.715122,1,8,4,0
ST-852,2025-12-26T08:19:07.932574,1,8,4,0
ST-852,2025-12-26T08:19:38.172071,1,8,4,0
ST-852,2025-12-26T08:20:08.426935,1,8,4,0
ST-857,2025-12-26T08:10:07.480137,6,8,4,0
ST-857,2025-12-26T08:16:06.582551,5,8,4,0
ST-857,2025-12-26T08:16:36.863050,5,8,4,0
ST-857,2025-12-26T08:17:07.037872,5,8,4,0
ST-857,2025-12-26T08:17:37.291850,5,8,4,0
ST-857,2025-12-26T08:18:07.534436,5,8,4,0
ST-857,2025-12-26T08:18:37.715123,5,8,4,0
ST-857,2025-12-26T08:19:07.932575,5,8,4,0
ST-857,2025-12-26T08:19:38.172074,5,8,4,0
ST-857,2025-12-26T08:20:08.426936,5,8,4,0
ST-89,2025-12-26T08:10:07.479915,21,8,4,0
ST-89,2025-12-26T08:16:06.582302,21,8,4,0
ST-89,2025-12-26T08:16:36.862766,21,8,4,0
ST-89,2025-12-26T08:17:07.037631,21,8,4,0
ST-89,2025-12-26T08:17:37.291648,21,8,4,0
ST-89,2025-12-26T08:18:07.534179,21,8,4,0
ST-89,2025-12-26T08:18:37.714893,21,8,4,0
ST-89,2025-12-26T08:19:07.932347,21,8,4,0
ST-89,2025-12-26T08:19:38.171539,21,8,4,0
ST-89,2025-12-26T08:20:08.426696,21,8,4,0
ST-891,2025-12-26T08:10:07.480089,101,8,4,0
ST-891,2025-12-26T08:16:06.582502,103,8,4,0
ST-891,2025-12-26T08:16:36.862999,104,8,4,0
ST-891,2025-12-26T08:17:07.037826,104,8,4,0
ST-891,2025-12-26T08:17:37.291803,104,8,4,0
ST-891,2025-12-26T08:18:07.534384,104,8,4,0
ST-891,2025-12-26T08:18:37.715072,104,8,4,0
ST-891,2025-12-26T08:19:07.932526,104,8,4,0
ST-891,2025-12-26T08:19:38.171970,103,8,4,0
ST-891,2025-12-26T08:20:08.426886,103,8,4,0
ST-892,2025-12-26T08:10:07.480094,21,8,4,0
ST-892,2025-12-26T08:16:06.582506,21,8,4,0
ST-892,2025-12-26T08:16:36.863005,21,8,4,0
ST-892,2025-12-26T08:17:07.037831,21,8,4,0
ST-892,2025-12-26T08:17:37.291807,21,8,4,0
ST-892,2025-12-26T08:18:07.534389,21,8,4,0
ST-892,2025-12-26T08:18:37.715077,21,8,4,0
ST-892,2025-12-26T08:19:07.932531,21,8,4,0
ST-892,2025-12-26T08:19:38.171979,21,8,4,0
ST-892,2025-12-26T08:20:08.426890,21,8,4,0
ST-895,2025-12-26T08:10:07.480098,1,8,4,0
ST-895,2025-12-26T08:16:06.582510,1,8,4,0
ST-895,2025-12-26T08:16:36.863008,1,8,4,0
ST-895,2025-12-26T08:17:07.037834,1,8,4,0
ST-895,2025-12-26T08:17:37.291810,1,8,4,0
ST-895,2025-12-26T08:18:07.534393,1,8,4,0
ST-895,2025-12-26T08:18:37.715081,1,8,4,0
ST-895,2025-12-26T08:19:07.932534,1,8,4,0
ST-895,2025-12-26T08:19:38.171986,1,8,4,0
ST-895,2025-12-26T08:20:08.426894,1,8,4,0
ST-910,2025-12-26T08:10:07.480116,3,8,4,0
ST-910,2025-12-26T08:16:06.582530,3,8,4,0
ST-910,2025-12-26T08:16:36.863026,3,8,4,0
ST-910,2025-12-26T08:17:07.037851,3,8,4,0
ST-910,2025-12-26T08:17:37.291827,3,8,4,0
ST-910,2025-12-26T08:18:07.534413,3,8,4,0
ST-910,2025-12-26T08:18:37.715101,3,8,4,0
ST-910,2025-12-26T08:19:07.932553,3,8,4,0
ST-910,2025-12-26T08:19:38.172027,3,8,4,0
ST-910,2025-12-26T08:20:08.426914,3,8,4,0
ST-93,2025-12-26T08:10:07.479914,25,8,4,0
ST-93,2025-12-26T08:16:06.582301,27,8,4,0
ST-93,2025-12-26T08:16:36.862765,28,8,4,0
ST-93,2025-12-26T08:17:07.037630,28,8,4,0
ST-93,2025-12-26T08:17:37.291647,28,8,4,0
ST-93,2025-12-26T08:18:07.534178,28,8,4,0
ST-93,2025-12-26T08:18:37.714892,28,8,4,0
ST-93,2025-12-26T08:19:07.932346,28,8,4,0
ST-93,2025-12-26T08:19:38.171536,28,8,4,0
ST-93,2025-12-26T08:20:08.426694,28,8,4,0
ST-930,2025-12-26T08:10:07.480085,11,8,4,0
ST-930,2025-12-26T08:16:06.582497,11,8,4,0
ST-930,2025-12-26T08:16:36.862994,11,8,4,0
ST-930,2025-12-26T08:17:07.037822,11,8,4,0
ST-930,2025-12-26T08:17:37.291799,11,8,4,0
ST-930,2025-12-26T08:18:07.534378,11,8,4,0
ST-930,2025-12-26T08:18:37.715068,11,8,4,0
ST-930,2025-12-26T08:19:07.932522,11,8,4,0
ST-930,2025-12-26T08:19:38.171959,11,8,4,0
ST-930,2025-12-26T08:20:08.426881,11,8,4,0
ST-933,2025-12-26T08:10:07.480096,2,8,4,0
ST-933,2025-12-26T08:16:06.582507,2,8,4,0
ST-933,2025-12-26T08:16:36.863006,2,8,4,0
ST-933,2025-12-26T08:17:07.037832,2,8,4,0
ST-933,2025-12-26T08:17:37.291808,2,8,4,0
ST-933,2025-12-26T08:18:07.534390,2,8,4,0
ST-933,2025-12-26T08:18:37.715078,2,8,4,0
ST-933,2025-12-26T08:19:07.932532,2,8,4,0
ST-933,2025-12-26T08:19:38.171981,2,8,4,0
ST-933,2025-12-26T08:20:08.426891,3,8,4,0
ST-943,2025-12-26T08:10:07.479906,25,8,4,0
ST-943,2025-12-26T08:16:06.582292,26,8,4,0
ST-943,2025-12-26T08:16:36.862756,26,8,4,0
ST-943,2025-12-26T08:17:07.037622,26,8,4,0
ST-943,2025-12-26T08:17:37.291638,26,8,4,0
ST-943,2025-12-26T08:18:07.534169,26,8,4,0
ST-943,2025-12-26T08:18:37.714882,26,8,4,0
ST-943,2025-12-26T08:19:07.932337,26,8,4,0
ST-943,2025-12-26T08:19:38.171520,26,8,4,0
ST-943,2025-12-26T08:20:08.426685,26,8,4,0
ST-944,2025-12-26T08:10:07.479907,2,8,4,0
ST-944,2025-12-26T08:16:06.582294,2,8,4,0
ST-944,2025-12-26T08:16:36.862757,2,8,4,0
ST-944,2025-12-26T08:17:07.037623,2,8,4,0
ST-944,2025-12-26T08:17:37.291639,2,8,4,0
ST-944,2025-12-26T08:18:07.534171,2,8,4,0
ST-944,2025-12-26T08:18:37.714884,2,8,4,0
ST-944,2025-12-26T08:19:07.932338,2,8,4,0
ST-944,2025-12-26T08:19:38.171522,2,8,4,0
ST-944,2025-12-26T08:20:08.426687,2,8,4,0
ST-946,2025-12-26T08:10:07.480001,13,8,4,0
ST-946,2025-12-26T08:16:06.582392,12,8,4,0
ST-946,2025-12-26T08:16:36.862855,12,8,4,0
ST-946,2025-12-26T08:17:07.037719,12,8,4,0
ST-946,2025-12-26T08:17:37.291723,12,8,4,0
ST-946,2025-12-26T08:18:07.534287,12,8,4,0
ST-946,2025-12-26T08:18:37.714981,12,8,4,0
ST-946,2025-12-26T08:19:07.932435,12,8,4,0
ST-946,2025-12-26T08:19:38.171712,12,8,4,0
ST-946,2025-12-26T08:20:08.426788,12,8,4,0
ST-948,2025-12-26T08:10:07.480148,4,8,4,0
ST-948,2025-12-26T08:16:06.582562,4,8,4,0
ST-948,2025-12-26T08:16:36.863062,4,8,4,0
ST-948,2025-12-26T08:17:07.037883,4,8,4,0
ST-948,2025-12-26T08:17:37.291861,4,8,4,0
ST-948,2025-12-26T08:18:07.534447,4,8,4,0
ST-948,2025-12-26T08:18:37.715136,4,8,4,0
ST-948,2025-12-26T08:19:07.932587,4,8,4,0
ST-948,2025-12-26T08:19:38.172098,4,8,4,0
ST-948,2025-12-26T08:20:08.426949,4,8,4,0
ST-95,2025-12-26T08:10:07.479913,22,8,4,0
ST-95,2025-12-26T08:16:06.582300,22,8,4,0
ST-95,2025-12-26T08:16:36.862763,22,8,4,0
ST-95,2025-12-26T08:17:07.037629,22,8,4,0
ST-95,2025-12-26T08:17:37.291645,22,8,4,0
ST-95,2025-12-26T08:18:07.534176,22,8,4,0
ST-95,2025-12-26T08:18:37.714891,22,8,4,0
ST-95,2025-12-26T08:19:07.932345,22,8,4,0
ST-95,2025-12-26T08:19:38.171534,22,8,4,0
ST-95,2025-12-26T08:20:08.426693,22,8,4,0
ST-97,2025-12-26T08:10:07.479934,4,8,4,0
ST-97,2025-12-26T08:16:06.582326,4,8,4,0
ST-97,2025-12-26T08:16:36.862784,4,8,4,0
ST-97,2025-12-26T08:17:07.037650,4,8,4,0
ST-97,2025-12-26T08:17:37.291665,4,8,4,0
ST-97,2025-12-26T08:18:07.534216,4,8,4,0
ST-97,2025-12-26T08:18:37.714913,4,8,4,0
ST-97,2025-12-26T08:19:07.932366,4,8,4,0
ST-97,2025-12-26T08:19:38.171579,4,8,4,0
ST-97,2025-12-26T08:20:08.426718,4,8,4,0
ST-975,2025-12-26T08:10:07.480068,14,8,4,0
ST-975,2025-12-26T08:16:06.582477,15,8,4,0
ST-975,2025-12-26T08:16:36.862973,15,8,4,0
ST-975,2025-12-26T08:17:07.037805,15,8,4,0
ST-975,2025-12-26T08:17:37.291783,15,8,4,0
ST-975,2025-12-26T08:18:07.534360,15,8,4,0
ST-975,2025-12-26T08:18:37.715049,16,8,4,0
ST-975,2025-12-26T08:19:07.932504,16,8,4,0
ST-975,2025-12-26T08:19:38.171923,16,8,4,0
ST-975,2025-12-26T08:20:08.426862,16,8,4,0
ST-99,2025-12-26T08:10:07.479936,23,8,4,0
ST-99,2025-12-26T08:16:06.582327,23,8,4,0
ST-99,2025-12-26T08:16:36.862785,23,8,4,0
ST-99,2025-12-26T08:17:07.037651,23,8,4,0
ST-99,2025-12-26T08:17:37.291666,23,8,4,0
ST-99,2025-12-26T08:18:07.534218,22,8,4,0
ST-99,2025-12-26T08:18:37.714915,22,8,4,0
ST-99,2025-12-26T08:19:07.932367,24,8,4,0
ST-99,2025-12-26T08:19:38.171582,24,8,4,0
ST-99,2025-12-26T08:20:08.426720,24,8,4,0
